15/89, Berserk
15/90, Defender
15/91, Aggressor
15/92, Provoke
15/93, Focus
15/94, Dodge
15/95, Chakra
15/96, Boost
15/97, Counterstance
15/98, Flee
15/99, Hide / Camouflage
15/100, Sentinel
15/101, Last Resort
15/102, Charm
15/103, Gauge
15/104, Tame
15/105, kkak
15/106, Sneak Attack
15/107, Invincible
15/108, Blood Weapon
15/109, Souleater
15/110, Scavenge
15/111, Sharpshot
15/112, Barrage
15/113, Third Eye
15/114, Meditate
15/115, resa
15/116, ryuu
15/117, Warcry
15/118, Holy Circle
15/119, Arcane Circle
15/120, Ancient Circle
15/121, Warding Circle
15/122, Mighty Strikes
15/123, Hundred Fists
15/124, Benediction
15/125, Manafont
15/126, Chainspell
15/127, Perfect Dodge
16/0, Familiar
16/1, Soul Voice
92/109, Elemental Seal
92/110, Divine Seal
92/111, Trick Attack
92/112, Pet Command
92/113-114, Reward
95/82, Cover
98/3, Provoke (Conflict)
98/4, Convert
98/5, ksyo
98/6, yada
98/7, def2
98/8, Chi Blast
98/9, Mijin Gakure
98/10, Pet Command
118/119, zeta
118/120, Meikyo Shisui
159/113, Spirit Surge
164/95, Chain Affinity
164/96, Burst Affinity
164/97, Azure Lore
165/96, Overdrive
167/124, Dark Seal
167/125, Diabolic Eye
167/126, Feral Howl
167/127, Killer Instinct
168/7, Fealty
168/8, Chivalry
168/9, Stealth Shot
168/10, Flashy Shot
168/11, Shikikoyo
168/12, Angon
168/62, Warrior's Charge
168/63, Mantra
168/64, Formless Strikes
168/65, Martyr
168/66, Devotion
168/67, Feint
168/68, Assassin's Charge
170/24, Nightingale
170/25, Troubadour
170/80, Hasso
170/81, Seigan
