161/43, wom_
161/44, Sandspin
161/45, wom_
161/46, bt3_
161/47, Jet Stream
161/48, Blood Drain
161/49, bat_
161/50, kan_
161/51, Metallic Body
161/52, Foot Kick
161/53, usa_
161/54, fs_i
161/55, Screwdriver
161/56, Bludgeon
161/57, gob_
161/58, Bomb Toss
161/59, Frypan
161/60, gob_
161/61, Feather Storm
161/62, yag_
161/63, Pollen
161/64, bee_
161/65, Helldive
161/66, Sprout Smack
161/67, Cocoon
161/68, mm_h
161/69, Wild Oats
161/70, mm_k
161/71, Infrasonics
161/72, lz_s
161/73, Poison Breath
161/74, Blood Saber
161/75, Digest
161/76, pr_t
161/77, MP Drainkiss
161/78, Head Butt
161/79, kam_
161/80, ork_
161/81, Battle Dance
161/82, myc_
161/83, myc_
161/84, shp_
161/85, Sheep Song
161/86, Self-Destruct
161/87, Blastbomb
161/89, Power Attack
161/90, kb_k
161/91, Terror Touch
161/92, cam_
161/93, Healing Breeze
161/94, muk_
161/95, Death Scissors
161/96, Soporific
161/97, Smite of Rage
161/98, evw_
161/99, Cursed Sphere
161/100, tig_
161/101, Claw Cyclone
161/102, Frost Breath
161/103, kra_
161/104, Maelstrom
161/105, Chaotic Eye
161/106, Uppercut
161/107, cok_
161/108, Bad Breath
161/109, Mysterious Light
161/110, Grand Slam
161/111, Blitzstrahl
161/112, Sickle Slash
161/113, kmo_
161/114, Venom Shell
161/115, Death Ray
161/116, hm_g
161/117, Geist Wall
161/118, Eyes On Me
161/119, ah_b
161/120, ah_m
161/121, man_
161/122, Magic Fruit
161/123, Awful Eye
161/124, Pinecone Bomb
161/125, Magnetite Cloud
161/126, ant_
161/127, sh_b
162/0, Hydro Shot
162/1, Stinking Gas
162/2, Frightful Roar
162/3, dm2_
162/4, Refueling
162/5, Mandibular Bite
162/6, Jettatura
162/7, Ice Break
162/8, Radiant Breath
162/9, Filamented Hold
162/10, 1000 Needles
162/11, Flying Hip Press
162/12, Cold Wave
162/13, Light of Penance
162/14, ton_
162/15, Heat Breath
162/16, mat_
162/17, Feather Barrier
162/18, Hecatomb Wave
162/19, Body Slam
162/20, Lowing
162/21, Memento Mori
162/22, Temporal Shift
162/23, Saline Coat
162/24, Disseverment
162/25, Vertical Cleave
162/26, Plasma Charge
162/27, Actinic Burst
162/28, Reactor Cool
162/29, Ram Charge
162/86, wf_t
162/87, Dimensional Death
162/88, Feather Tickle
162/89, Voracious Trunk
162/90, Frenetic Rip
162/91, Yawn
162/92, fwy_
162/93, Sandspray
162/94, Warm-Up
162/95, Diamondhide
162/96, Enervation
162/97, Hysteric Barrage
162/98, Tail Slap
162/99, Spinal Cleave
162/100, Firespit
164/86, Cannonball
164/87, Amplification
165/95, Sound Blast
