32/111, None
32/112, Leather Vest
32/113, Breastplate
32/114, Tunic
32/115, Shinobi Gi
32/116, Chainmail
32/117, Lizard Jerkin
32/118, Raptor Jerkin
32/119, Initial
32/120, Hara-Ate
32/121, Cloak
32/122, Silk Cloak
32/123, Ryl.Sqr. Chainmail
32/124, Ryl.Kgt. Chainmail
32/125, Padded Armor
32/126, Bronze Harness
32/127, Bone Harness
33/0, Kenpogi
33/1, Wool Robe
33/2, Tct.Mgc. Coat
33/3, Robe
33/4, Doublet
33/5, Darksteel Cuirass
33/6, Gambison
33/7, Battle Jupon
33/8, Irn.Msk. Cuirass
33/9, Ctr. Scale Mail
33/10, Gavial Mail
33/11, Scale Mail
33/12, Mtl. Breastplate
33/14, Race Specific
33/15, Adm. Breastplate
33/16, Cardinal Vest
33/17, Scorpion Harness
33/18, Demon's Harness
33/19, Lord's Cuirass
33/20, Jujitsu Gi
33/21, Ryl.Kgt. Aketon
33/22, Aketon
33/23, Haubergeon
33/24, Byrnie
33/25, War Shinobi Gi
33/26, Earth Doublet
33/27, Brigandine
93/41, Justaucorps
93/42, Black Cloak
93/43, Vermillion Cloak
93/44, Blue Cotehardie
93/45, Black Cotehardie
93/46, Fighter's Lorica (WAR AF1)
93/47, Temple Cyclas (MNK AF1)
93/48, Healer's Briault (WHM AF1)
93/49, Wizard's Coat (BLM AF1)
93/50, Warlock's Tabard (RDM AF1)
93/51, Rogue's Vest (THF AF1)
95/117, Gallant Surcoat (PLD AF1)
95/118, Chaos Cuirass (DRK AF1)
95/119, Beast Jackcoat (BST AF1)
95/120, Choral Jstcorps (BRD AF1)
95/121, Hunter's Jerkin (RNG AF1)
98/62, Myochin Domaru (SAM AF1)
98/63, Ninja Chainmail (NIN AF1)
98/64, Drachen Mail (DRG AF1)
98/65, Evoker's Doublet (SMN AF1)
119/2, Tiger Jerkin
119/3, Iron Scale Mail
120/17, Steel Scale Mail
120/18, Coeurl Jerkin
120/19, Adaman Cuirass
120/20, Coral Harness
120/21, Noble's Tunic
120/22, Hauberk
120/23, Arhat's Gi
120/24, Dragon Mail
124/19, Rasetsu Samue
124/20, Crm. Scale Mail
124/21, Adaman Hauberk
124/22, Ogre Jerkin
124/23, Koenig Cuirass
125/42, War Aketon
125/126, Holy Breastplate
125/127, Yasha Samue
126/0, Kirin's Osode
126/1, Hecatomb Harness
126/2, Errant Hpl.
126/3, Fsh. Tunica
126/4, Choc. Jack Coat
126/5, Vgd. Tunica
129/9, Field Tunica
129/10, Shura Togi
129/11, Dalmatica
129/12, Cpc. Breastplate
129/13, Dusk Jerkin
129/14, Dragon Harness
131/113, Warrior's Lorica (WAR AF2)
131/114, Melee Cyclas (MNK AF2)
131/115, Cleric's Briault (WHM AF2)
131/116, Sorcerer's Coat (BLM AF2)
131/117, Duelist's Tabard (RDM AF2)
131/118, Assassin's Vest (THF AF2)
131/119, Valor Surcoat (PLD AF2)
131/120, Abyss Cuirass (DRK AF2)
131/121, Monster Jackcoat (BST AF2)
131/122, Bard's Jstcorps (BRD AF2)
131/123, Scout's Jerkin (RNG AF2)
131/124, Saotome Domaru (SAM AF2)
131/125, Koga Chainmail (NIN AF2)
131/126, Wyrm Mail (DRG AF2)
131/127, Summoner's Dblt. (SMN AF2)
132/0, Scp. Breastplate
132/1, Austere Robe
137/6, Kingdom Aketon
137/7, Federation Aketon
137/8, Republic Aketon
137/9, Carpenter's Apron
137/10, Blacksmith's Apn.
137/11, Weaver's Apron
137/12, Alchemist's Apron
137/13, Boneworker's Apn.
137/14, Fisherman's Apron
137/15, Tanner's Apron
137/16, Culinarian's Apron
137/17, Goldsmith's Apron
143/115, ??? Harness
143/116, Shade Harness
143/117, Garish Tunic
143/118, Seer's Tunic
143/119, Cerise Doublet
143/120, Noct Doublet
145/95, Bison Jacket
145/96, Sha'ir Manteel
146/41, Barone Corazza
146/80, Igqira Weskit
148/14, Eisenbrust
150/31, Hachiman Domaru
150/32, Blessed Briault
151/43, Chasuble
153/14, Unicorn Harness
153/51, Trader's Saio
154/56, Alumine Haubert
154/118, Plastron
157/82, Nashira Manteel
158/19, Homam Corazza
158/87, Trader's Saio (Black)
158/122, Crow Jupon
159/86, Dream Robe
153/98, Hydra Haubert
160/62, Hydra Jupon
157/22, Hume Top
143/13, Omina Yukata
162/52, Magus Jubbah (BLU AF1)
160/97, Corsair's Frac (COR AF1)
163/4, Pup. Tobe (PUP AF1)
163/5, Sipahi Jawshan
163/6, Jaridah Peti
165/123, Amir Korazin
165/124, Pln. Khazagand
165/125, Yigit Gomlek
170/84, Corselet
170/85, Kyudogi
174/68, Ares's Cuirass
174/69, Skadi's Cuirie
175/87, Usukane Haramaki
175/88, Marduk's Jubbah
175/89, Morrigan's Robe
182/86, Askar Korazin
182/7, Denali Jacket
182/87, Goliard Saio
185/91, Shadow Breastplate
185/124, Shadow Coat
184/72, Valhalla Breastplate
182/78, Chocobo Vest (yellow)
182/79, Chocobo Vest (black)
182/80, Chocobo Vest (purple)
182/81, Chocobo Vest (light blue)
182/82, Chocobo Vest (blue)
182/83, Chocobo Vest (red)
182/84, Chocobo Vest (white)
182/85, Chocobo Vest (green)
132/2, Opaline Dress
33/13, Judge's Cuirass (GM)