33/92, None
33/93, Leather Highboots
33/94, Plate Leggings
33/95, Solea
33/96, Shinobi Kyahan
33/97, Greaves
33/98, Lizard Ledelsens
33/99, Raptor Ledelsens
33/100, Initial
33/101, Sune-Ate
33/102, Shoes
33/103, Strider Boots
33/104, Ryl.Sqr. Sollerets
33/105, Ryl.Kgt. Sollerets
33/106, Leggings
33/107, Bronze Leggings
33/108, Bone Leggings
33/109, Kyahan
33/110, Chestnut Sabots
33/111, Tct.Mgc. Pigaches
33/112, Ash Clogs
33/113, Gaiters
33/114, Dst. Sabatons
33/115, Socks
33/116, Battle Boots
33/117, Irn.Msk. Sabatons
33/118, Ctr. Greaves
33/119, Gavial Greaves
33/120, Scale Greaves
33/121, Mythril Leggings
33/123, Race Specific
93/64, Fighter's Calligae (WAR AF1)
93/65, Temple Hose (MNK AF1)
93/66, Healer's Duckbills (WHM AF1)
93/67, Wizard's Sabots (BLM AF1)
93/68, Warlock's Boots (RDM AF1)
93/69, Rogue's Poulaines (THF AF1)
96/4, Gallant Leggings (PLD AF1)
96/5, Chaos Sollerets (DRK AF1)
96/6, Beast Gaiters (BST AF1)
96/7, Choral Slippers (BRD AF1)
96/8, Hunter's Socks (RNG AF1)
98/74, Myochin Sune-Ate (SAM AF1)
98/75, Ninja Kyahan (NIN AF1)
98/76, Drachen Greaves (DRG AF1)
98/77, Evoker's Pigaches (SMN AF1)
119/8, Tiger Ledelsens
119/9, Iron Greaves
120/41, Steel Greaves
120/42, Coeurl Ledelsens
120/43, Adaman Sabatons
120/44, Coral Leggings
120/45, Noble's Pumps
120/46, Thick Sollerets
120/47, Arhat's Sune-Ate
120/48, Dragon Greaves
124/34, Rasetsu Sune-Ate
124/35, Crimson Greaves
124/36, Adaman Sollerets
124/37, Ogre Ledelsens
124/38, Koenig Schuhs
125/45, War Boots
126/20, Yasha Sune-Ate
126/21, Suzaku's Sune-Ate
126/22, Hct. Leggings
126/23, Errant Pigaches
126/24, Fisherman's Boots
126/25, Chocobo Boots
126/26, Vagabond's Boots
129/26, Field Boots
129/27, Shura Sune-Ate
129/28, Zenith Pumps
129/29, Dusk Ledelsens
129/30, Dragon Leggings
132/38, Warrior's Calligae (WAR AF2)
132/39, Melee Gaiters (MNK AF2)
132/40, Cleric's Duckbills (WHM AF2)
132/41, Sorcerer's Sabots (BLM AF2)
132/42, Duelist's Boots (RDM AF2)
132/43, Assassin's Pouln. (THF AF2)
132/44, Valor Leggings (PLD AF2)
132/45, Abyss Sollerets (DRK AF2)
132/46, Monster Gaiters (BST AF2)
132/47, Bard's Slippers (BRD AF2)
132/48, Scout's Socks (RNG AF2)
132/49, Saotome Sune-Ate (SAM AF2)
132/50, Koga Kyahan (NIN AF2)
132/51, Wyrm Greaves (DRG AF2)
132/52, Summoner's Pgch. (SMN AF2)
132/53, Austere Sabots
137/20, Waders
144/5, ??? Spats
144/6, Shade Leggings
144/7, Garish Pumps
144/8, Seer's Pumps
144/9, ??? Gaiters
144/10, Noct Gaiters
145/101, Bison Gamashes
145/102, Sha'ir Crackows
146/44, Barone Gambieras
146/83, Igqira Huaraches
148/17, Eisenschuhs
149/11, Lord's Sabatons
150/37, Hmn. Sune-Ate
150/38, Blessed Pumps
151/46, Wise Pigaches
153/17, Unicorn Leggings
153/54, Trader's Pigaches
154/59, Alumine Solerets
154/121, Black Sollerets
157/85, Nashira Crackows
158/22, Homam Gambieras
158/90, Trader's Pigaches (Black)
158/125, Crow Gaiters
153/101, Hydra Sollerets
160/65, Hydra Boots
162/55, Magus Charuqs (BLU AF1)
160/100, Corsair's Bottes (COR AF1)
163/13, Pup. Babouches (PUP AF1)
163/14, Sipahi Boots
163/15, Jaridah Nails
166/4, Amir Boots
166/5, Pln. Crackows
166/6, Yigit Crackows
174/74, Ares's Sollerets
174/75, Skadi's Jambeaux
175/96, Usukane Sune-Ate
175/97, Marduk's Crackows
175/98, Morrigan's Pigaches
182/92, Askar Gambieras
182/10, Denali Gamashes
182/93, Goliard Clogs
185/94, Shadow Sabatons
185/127, Shadow Clogs
157/44, (None - use with swimsuit)
132/54, Opaline Boots
33/122, Judge's Greaves (GM)