33/28, None
33/29, Leather Gloves
33/30, Gauntlets
33/31, Mitts
33/32, Shinobi Tekko
33/33, Chain Mittens
33/34, Lizard Gloves
33/35, Raptor Gloves
33/36, Initial
33/37, Kote
33/38, Linen Mitts
33/39, Black Mitts
33/40, Ryl.Sqr. Mufflers
33/41, Ryl.Kgt. Mufflers
33/42, Iron Mittens
33/43, Bronze Mittens
33/44, Bone Mittens
33/45, Tekko
33/46, Wool Cuffs
33/47, Tct.Mgc. Cuffs
33/48, Cuffs
33/49, Gloves
33/50, Dst. Gauntlets
33/51, Bracers
33/52, Battle Bracers
33/53, Irn.Msk. Gauntlets
33/54, Ctr. F. Gauntlets
33/55, Gavial Fng. Gnt.
33/56, Scale Fng. Gnt.
33/57, Mythril Gauntlets
33/59, Race Specific
93/52, Fighter's Mufflers (WAR AF1)
93/53, Temple Gloves (MNK AF1)
93/54, Healer's Mitts (WHM AF1)
93/55, Wizard's Gloves (BLM AF1)
93/56, Warlock's Gloves (RDM AF1)
93/57, Rogue's Armlets (THF AF1)
95/122, Gallant Gauntlets (PLD AF1)
95/123, Chaos Gauntlets (DRK AF1)
95/124, Beast Gloves (BST AF1)
95/125, Choral Cuffs (BRD AF1)
95/126, Hunter's Bracers (RNG AF1)
98/66, Myochin Kote (SAM AF1)
98/67, Ninja Tekko (NIN AF1)
98/68, Drachen Fng. Gnt. (DRG AF1)
98/69, Evoker's Bracers (SMN AF1)
119/4, Tiger Gloves
119/5, Iron Fng. Gnt.
120/25, Steel Fng. Gnt.
120/26, Coeurl Gloves
120/27, Adaman Gauntlets
120/28, Coral Mittens
120/29, Noble's Mitts
120/30, Thick Mufflers
120/31, Arhat's Tekko
120/32, Dragon Fng. Gnt.
124/24, Rasetsu Tekko
124/25, Crimson Fng. Gnt.
124/26, Adaman Mufflers
124/27, Ogre Gloves
124/28, Kng. Handschuhs
125/43, War Gloves
126/6, Yasha Tekko
126/7, Seiryu's Kote
126/8, Hecatomb Mittens
126/9, Errant Cuffs
126/10, Fsh. Gloves
126/11, Chocobo Gloves
126/12, Vgd. Gloves
129/15, Field Gloves
129/16, Shura Kote
129/17, Zenith Mitts
129/18, Cpc. Gauntlets
129/19, Dusk Gloves
129/20, Dragon Mittens
132/3, Warrior's Mufflers (WAR AF2)
132/4, Melee Gloves (MNK AF2)
132/5, Cleric's Mitts (WHM AF2)
132/6, Sorcerer's Gloves (BLM AF2)
132/7, Duelist's Gloves (RDM AF2)
132/8, Assassin's Armlets (THF AF2)
132/9, Valor Gauntlets (PLD AF2)
132/10, Abyss Gauntlets (DRK AF2)
132/11, Monster Gloves (BST AF2)
132/12, Bard's Cuffs (BRD AF2)
132/13, Scout's Bracers (RNG AF2)
132/14, Saotome Kote (SAM AF2)
132/15, Koga Tekko (NIN AF2)
132/16, Wyrm Fng.Gnt. (DRG AF2)
132/17, Summoner's Brcr. (SMN AF2)
132/18, Scp. Gauntlets
132/19, Austere Cuffs
137/18, Carpenter's / Tanner's Gloves
137/19, Smithy's Mitts 
143/121, ??? 
143/122, Shade Mittens
143/123, Garish Mitts
143/124, Seer's Mitts
143/125, ??? Mitts
143/126, Noct Gloves
145/97, Bison Wristbands
145/98, Sha'ir Gages
146/42, Barone Manopolas
146/81, Igqira Manillas
148/15, Eisenhentzes
149/9, Lord's Gauntlets
150/33, Hachiman Kote
150/34, Blessed Mitts
151/44, Wise Gloves
153/15, Unicorn Mittens
153/52, Trader's Cuffs
154/57, Alumine Moufles
154/119, Black Gadlings
157/83, Nashira Gages
158/20, Homam Manopolas
158/88, Trader's Cuffs (Black)
158/123, Crow Bracers
153/99, Hydra Moufles
160/63, Hydra Bracers
162/53, Magus Bazubands (BLU AF1)
160/98, Corsair's Gants (COR AF1)
163/7, Pup. Dastanas (PUP AF1)
163/8, Sipahi Dastanas
163/9, Jaridah Bazubands
165/126, Amir Kolluks
165/127, Pln. Dastanas
166/0, Yigit Gages
174/70, Ares's Gauntlets
174/71, Skadi's Bazubands
175/90, Usukane Gote
175/91, Marduk's Dastanas
175/92, Morrigan's Cuffs
182/88, Askar Manopolas
182/8, Denali Wristbands
182/89, Goliard Cuffs
185/92, Shadow Gauntlets
185/125, Shadow Cuffs
132/20, (None - use with swimsuit)
33/58, Judge's Gauntlets (GM)