33/60, None
33/61, Leather Trousers
33/62, Cuisses
33/63, Slacks
33/64, Shinobi Hakama
33/65, Chain Hose
33/66, Lizard Trousers
33/67, Raptor Trousers
33/68, Initial
33/69, Haidate
33/70, Linen Slacks
33/71, White Slacks
33/72, Ryl.Sqr. Breeches
33/73, Ryl.Kgt. Breeches
33/74, Iron Subligar
33/75, Bronze Subligar
33/76, Bone Subligar
33/77, Sitabaki
33/78, Wool Slops
33/79, Tct.Mgc. Slops
33/80, Slops
33/81, Brais
33/82, Darksteel Cuisses
33/83, Hose
33/84, Battle Hose
33/85, Irn.Msk. Cuisses
33/86, Ctr. Cuisses
33/87, Gavial Cuisses
33/88, Scale Cuisses
33/89, Mythril Cuisses
33/91, Race Specific
93/58, Fighter's Cuisses (WAR AF1)
93/59, Temple Gaiters (MNK AF1)
93/60, Healer's Pantaln. (WHM AF1)
93/61, Wizard's Tonban (BLM AF1)
93/62, Warlock's Tights (RDM AF1)
93/63, Rogue's Culotte (THF AF1)
95/127, Gallant Breeches (PLD AF1)
96/0, Chaos Flanchard (DRK AF1)
96/1, Beast Trousers (BST AF1)
96/2, Choral Cannions (BRD AF1)
96/3, Hunter's Braccae (RNG AF1)
98/70, Myochin Haidate (SAM AF1)
98/71, Ninja Hakama (NIN AF1)
98/72, Drachen Brais (DRG AF1)
98/73, Evoker's Spats (SMN AF1)
119/6, Tiger Trousers
119/7, Iron Cuisses
120/33, Steel Cuisses
120/34, Coeurl Trousers
120/35, Adaman Cuisses
120/36, Coral Subligar
120/37, Noble's Slacks
120/38, Thick Breeches
120/39, Arhat's Hakama
120/40, Dragon Cuisses
124/29, Rst. Hakama
124/30, Crimson Cuisses
124/31, Adaman Breeches
124/32, Ogre Trousers
124/33, Koenig Diechlings
125/44, War Brais
126/13, Yasha Hakama
126/14, Byakko's Haidate
126/15, Hecatomb Subligar
126/16, Errant Slops
126/17, Fisherman's Hose
126/18, Chocobo Hose
126/19, Vagabond's Hose
129/21, Field Hose
129/22, Shura Haidate
129/23, Zenith Slacks
129/24, Dusk Trousers
129/25, Dragon Subligar
132/21, Warrior's Cuisses (WAR AF2)
132/22, Melee Hose (MNK AF2)
132/23, Cleric's Pantaln. (WHM AF2)
132/24, Sorcerer's Tonban (BLM AF2)
132/25, Duelist's Tights (RDM AF2)
132/26, Assassin's Culotte (THF AF2)
132/27, Valor Breeches (PLD AF2)
132/28, Abyss Flanchard (DRK AF2)
132/29, Monster Trousers (BST AF2)
132/30, Bard's Cannions (BRD AF2)
132/31, Scout's Braccae (RNG AF2)
132/32, Saotome Haidate (SAM AF2)
132/33, Koga Hakama (NIN AF2)
132/34, Wyrm Brais (DRG AF2)
132/35, Summoner's Spats (SMN AF2)
132/36, Austere Slops
143/127, ??? Tights
144/0, Shade Tights
144/1, Garish Slacks
144/2, Seer's Slacks
144/3, ??? Brais
144/4, Noct Brais
145/99, Bison Kecks
145/100, Sha'ir Seraweels
146/43, Barone Cosciales
146/82, Igqira Lappa
148/16, Eisendiechlings
149/10, Lord's Cuisses
149/125, Sidereal Subligar
149/118, Femina Subligar
150/35, Hachiman Hakama
150/36, Blessed Trousers
151/45, Wise Braconi
153/16, Unicorn Subligar
153/53, Trader's Slops
154/58, Alumine Brayettes
154/120, Black Cuisses
157/84, Nashira Seraweels
158/21, Homam Cosciales
158/89, Trader's Slops (Black)
158/124, Crow Hose
153/100, Hydra Brayettes
160/64, Hydra Hose
162/54, Magus Shalwar (BLU AF1)
160/99, Corsair's Culotte (COR AF1)
163/10, Pup. Churidars (PUP AF1)
163/11, Sipahi Zerehs
163/12, Jaridah Salvars
166/1, Amir Dirs
166/2, Pln. Seraweels
166/3, Yigit Seraweels
157/24, Hume Shorts
174/72, Ares's Flanchard
174/73, Skadi's Chausses
175/93, Usukane Hizayoroi
175/94, Marduk's Shalwar
175/95, Morrigan's Slops
182/90, Askar Dirs
182/9, Denali Kecks
182/91, Goliard Trews
185/93, Shadow Cuishes
185/126, Shadow Trews
132/37, Opaline Hose
33/90, Judge's Cuisses (GM)