52/119, None
52/120, Leather Highboots
52/121, Plate Leggings
52/122, Solea
52/123, Shinobi Kyahan
52/124, Greaves
52/125, Lizard Ledelsens
52/126, Raptor Ledelsens
52/127, Initial
53/0, Sune-Ate
53/1, Shoes
53/2, Strider Boots
53/3, Ryl.Sqr. Sollerets
53/4, Ryl.Kgt. Sollerets
53/5, Leggings
53/6, Bronze Leggings
53/7, Bone Leggings
53/8, Kyahan
53/9, Chestnut Sabots
53/10, Tct.Mgc. Pigaches
53/11, Ash Clogs
53/12, Gaiters
53/13, Dst. Sabatons
53/14, Socks
53/15, Battle Boots
53/16, Irn.Msk. Sabatons
53/17, Ctr. Greaves
53/18, Gavial Greaves
53/19, Scale Greaves
53/20, Mythril Leggings
53/21, Race Specific
94/77, Fighter's Calligae (WAR AF1)
94/78, Temple Hose (MNK AF1)
94/79, Healer's Duckbills (WHM AF1)
94/80, Wizard's Sabots (BLM AF1)
94/81, Warlock's Boots (RDM AF1)
94/82, Rogue's Poulaines (THF AF1)
96/104, Gallant Leggings (PLD AF1)
96/105, Chaos Sollerets (DRK AF1)
96/106, Beast Gaiters (BST AF1)
96/107, Choral Slippers (BRD AF1)
96/108, Hunter's Socks (RNG AF1)
99/74, Myochin Sune-Ate (SAM AF1)
99/75, Ninja Kyahan (NIN AF1)
99/76, Drachen Greaves (DRG AF1)
99/77, Evoker's Pigaches (SMN AF1)
119/40, Tiger Ledelsens
119/41, Iron Greaves
121/94, Steel Greaves
121/95, Coeurl Ledelsens
121/96, Adaman Sabatons
121/97, Coral Leggings
121/98, Noble's Pumps
121/99, Thick Sollerets
121/100, Arhat's Sune-Ate
121/101, Dragon Greaves
125/6, Rasetsu Sune-Ate
125/7, Crimson Greaves
125/8, Adaman Sollerets
125/9, Ogre Ledelsens
125/10, Koenig Schuhs
125/65, War Boots
127/69, Yasha Sune-Ate
127/70, Suzaku's Sune-Ate
127/71, Hct. Leggings
127/72, Errant Pigaches
127/73, Fisherman's Boots
127/74, Chocobo Boots
127/75, Vagabond's Boots
130/18, Field Boots
130/19, Shura Sune-Ate
130/20, Zenith Pumps
130/21, Dusk Ledelsens
130/22, Dragon Leggings
135/1, Warrior's Calligae (WAR AF2)
135/2, Melee Gaiters (MNK AF2)
135/3, Cleric's Duckbills (WHM AF2)
135/4, Sorcerer's Sabots (BLM AF2)
135/5, Duelist's Boots (RDM AF2)
135/6, Assassin's Pouln. (THF AF2)
135/7, Valor Leggings (PLD AF2)
135/8, Abyss Sollerets (DRK AF2)
135/9, Monster Gaiters (BST AF2)
135/10, Bard's Slippers (BRD AF2)
135/11, Scout's Socks (RNG AF2)
135/12, Saotome Sune-Ate (SAM AF2)
135/13, Koga Kyahan (NIN AF2)
135/14, Wyrm Greaves (DRG AF2)
135/15, Summoner's Pgch. (SMN AF2)
135/16, Austere Sabots
138/90, Waders
145/21, ??? Spats
145/22, Shade Leggings
145/23, Garish Pumps
145/24, Seer's Pumps
145/25, ??? Gaiters
145/26, Noct Gaiters
146/21, Bison Gamashes
146/22, Sha'ir Crackows
146/64, Barone Gambieras
146/103, Igqira Huaraches
148/37, Eisenschuhs
149/59, Lord's Sabatons
150/85, Hmn. Sune-Ate
150/86, Blessed Pumps
151/66, Wise Pigaches
153/37, Unicorn Leggings
153/74, Trader's Pigaches
154/85, Alumine Solerets
155/13, Black Sollerets
157/114, Nashira Crackows
158/54, Homam Gambieras
158/110, Trader's Pigaches (Black)
159/17, Crow Gaiters
154/23, Hydra Sollerets
160/85, Hydra Boots
163/76, Magus Charuqs (BLU AF1)
160/105, Corsair's Bottes (COR AF1)
162/80, Pup. Babouches (PUP AF1)
163/77, Sipahi Boots
163/78, Jaridah Nails
166/68, Amir Boots
166/69, Pln. Crackows
166/70, Yigit Crackows
174/114, Ares's Sollerets
174/115, Skadi's Jambeaux
176/28, Usukane Sune-Ate
176/29, Marduk's Crackows
176/30, Morrigan's Pigaches
183/36, Askar Gambieras
182/34, Denali Gamashes
183/37, Goliard Clogs
185/114, Shadow Sabatons
186/23, Shadow Clogs
157/49, (None - use with swimsuit)
135/17, Opaline Boots
