51/110, None
51/111, Leather Bandana
51/112, Sallet
51/113, Shinobi Hachigane
51/114, Iron Mask
51/115, Lizard Helm
51/116, Raptor Helm
51/117, Zunari Kabuto
51/118, Ryl. Squire's Helm
51/119, Ryl.Kgt. Bascinet
51/120, Padded Cap
51/121, Bronze Cap
51/122, Bone Mask
51/123, Hachimaki
51/124, Wool Hat
51/125, Tct.Mgc. Hat
51/126, Circlet
51/127, Headgear
52/0, Darksteel Armet
52/1, Red Cap
52/2, Green Beret
52/3, Irn.Msk. Armet
52/4, Centurion's Visor
52/5, Gavial Mask
52/6, Faceguard
52/7, Mythril Sallet
52/8, Blue Ribbon
52/9, Purple Ribbon
52/10, Green Ribbon
52/11, Black Ribbon
52/12, Scarlet Ribbon
94/48, Fighter's Mask (WAR AF1)
94/49, Temple Crown (MNK AF1)
94/50, Healer's Cap (WHM AF1)
94/51, Wizard's Petasos (BLM AF1)
94/52, Warlock's Chapeau (RDM AF1)
94/53, Rogue's Bonnet (THF AF1)
96/84, Gallant Coronet (PLD AF1)
96/85, Chaos Burgeonet (DRK AF1)
96/86, Beast Helm (BST AF1)
96/87, Choral Roundlet (BRD AF1)
96/88, Hunter's Beret (RNG AF1)
99/58, Myochin Kabuto (SAM AF1)
99/59, Ninja Hatsuburi (NIN AF1)
99/60, Drachen Armet (DRG AF1)
99/61, Evoker's Horn (SMN AF1)
121/63, Coeurl Mask
121/64, Adaman Barbuta
121/65, Coral Cap
121/66, Noble's Crown
121/67, Celata
121/68, Arhat's Jinpachi
121/69, Dragon Mask
124/114, Rst. Jinpachi
124/115, Crimson Mask
124/116, Adaman Celata
124/117, Ogre Mask
124/118, Koenig Schaller
125/61, War Beret
127/42, Pumpkin Head
127/43, Roshi Jinpachi
127/44, Genbu's Kabuto
127/45, Hecatomb Cap
127/46, Errant Hat
129/121, Tiger Mask
129/122, Wyvern Helm
129/123, Demon Helm
129/124, Shr.Znr.Kabuto
129/125, Zenith Crown
129/126, Carapace Helm
129/127, Dusk Mask
130/0, Dragon Cap
134/58, Warrior's Mask (WAR AF2)
134/59, Melee Crown (MNK AF2)
134/60, Cleric's Cap (WHM AF2)
134/61, Sorcerer's Petas. (BLM AF2)
134/62, Duelist's Chapeau (RDM AF2)
134/63, Assassin's Bonnet (THF AF2)
134/64, Valor Coronet (PLD AF2)
134/65, Abyss Burgeonet (DRK AF2)
134/66, Monster Helm (BST AF2)
134/67, Bard's Roundlet (BRD AF2)
134/68, Scout's Beret (RNG AF2)
134/69, Saotome Kabuto (SAM AF2)
134/70, Koga Hatsuburi (NIN AF2)
134/71, Wyrm Armet (DRG AF2)
134/72, Summoner's Horn (SMN AF2)
134/73, Scorpion Helm
134/74, Austere Hat
138/70, Panther Mask
138/71, Opo-opo Crown
138/72, Magnifying Specs.
138/73, Protective Specs.
138/74, Chef's Hat
138/75, Shaded Specs.
144/127, Garish Crown
145/0, Seer's Crown
145/1, ??? Beret
145/2, Noct Beret 
146/11, ??? Tiara
146/12, Shade Tiara
146/13, Bison Warbonnet
146/14, Sha'ir Turban
146/60, Barone Zucchetto
146/99, Igqira Tiara
148/33, Eisenschaller
149/56, Lord's Armet
149/113, Dream Hat
150/78, Hachiman Jinpachi
151/62, Wise Cap
153/33, Unicorn Cap
153/70, Trader's Chapeau
154/81, Alumine Salade
155/9, Black Sallet
155/76, Maat's Cap
155/77, Mandragora Beret
155/78, Guide Beret
152/77, Orc Helm
152/78, Yagudo Headgear
152/56, Goblin Coif
152/79, Quadav Barbut
156/92, Stars Cap
156/108, Laurel Crown
157/110, Nashira Turban
158/50, Homam Zucchetto
158/106, Trader's Chapeau (Black)
159/13, Crow Beret
154/19, Hydra Moufles
160/81, Hydra Cap
163/64, Magus Keffiyeh (BLU AF1)
160/101, Corsair's Tricorne (COR AF1)
162/76, Pup. Taj (PUP AF1)
163/65, Sipahi Turban
163/66, Jaridah Khud
166/56, Amir Puggaree
166/57, Pln. Qalansuwa
166/58, Yigit Turban
174/106, Ares's Mask
174/107, Skadi's Visor
176/16, Usukane Somen
176/17, Marduk's Tiara
176/18, Morrigan's Coronal
170/118, Witch Hat
183/20, Askar Zucchetto
182/29, Denali Bonnet
183/21, Goliard Chapeau
182/30, Egg Helm
185/110, Shadow Helm
186/19, Shadow Hat
186/18, Valhalla Helm
134/75, Lilac Corsage