INSERT INTO `mob_groups` VALUES ('6478', '4309', '118', '1056', '4', '4101', '0', '0', '28', '30');
INSERT INTO `mob_groups` VALUES ('7017', '1152', '134', '0', '128', '822', '1000', '0', '80', '80'); -- Dynamis_Effigy
INSERT INTO `mob_groups` VALUES ('7018', '1153', '134', '0', '128', '823', '1000', '0', '80', '80'); -- Dynamis_Icon
INSERT INTO `mob_groups` VALUES ('7019', '1155', '134', '0', '128', '825', '1000', '0', '80', '80'); -- Dynamis_Statue
INSERT INTO `mob_groups` VALUES ('7020', '1156', '134', '0', '128', '826', '1000', '0', '80', '80'); -- Dynamis_Tombstone
INSERT INTO `mob_groups` VALUES ('7027', '1716', '134', '0', '128', '1434', '1000', '0', '75', '75'); -- Goblin_Statue
INSERT INTO `mob_groups` VALUES ('7037', '2020', '134', '0', '128', '1725', '0', '0', '75', '80'); --
INSERT INTO `mob_groups` VALUES ('7038', '2021', '134', '0', '128', '1727', '0', '0', '75', '80'); --
INSERT INTO `mob_groups` VALUES ('7039', '2022', '134', '0', '128', '1729', '0', '0', '75', '80'); --
INSERT INTO `mob_groups` VALUES ('7040', '2023', '134', '0', '128', '1731', '0', '0', '75', '80'); --
INSERT INTO `mob_groups` VALUES ('7041', '2024', '134', '0', '128', '1733', '0', '0', '75', '80'); --
INSERT INTO `mob_groups` VALUES ('7042', '2025', '134', '0', '128', '1735', '0', '0', '75', '80'); --
INSERT INTO `mob_groups` VALUES ('7043', '2026', '134', '0', '128', '1737', '0', '0', '75', '80'); --
INSERT INTO `mob_groups` VALUES ('7044', '2027', '134', '0', '128', '1739', '0', '0', '75', '80'); --
INSERT INTO `mob_groups` VALUES ('7045', '2028', '134', '0', '128', '1741', '0', '0', '75', '80'); --
INSERT INTO `mob_groups` VALUES ('7046', '2029', '134', '0', '128', '1743', '0', '0', '75', '80'); --
INSERT INTO `mob_groups` VALUES ('7047', '2030', '134', '0', '128', '1745', '0', '0', '75', '80'); --
INSERT INTO `mob_groups` VALUES ('7092', '4134', '134', '0', '128', '3695', '0', '0', '75', '80'); --
INSERT INTO `mob_groups` VALUES ('7093', '4135', '134', '0', '128', '3700', '0', '0', '75', '80'); --
INSERT INTO `mob_groups` VALUES ('7094', '4136', '134', '0', '128', '3705', '0', '0', '75', '80'); --
INSERT INTO `mob_groups` VALUES ('7095', '4137', '134', '0', '128', '3710', '0', '0', '75', '80'); --
INSERT INTO `mob_groups` VALUES ('7096', '4138', '134', '0', '128', '3715', '0', '0', '75', '80'); --
INSERT INTO `mob_groups` VALUES ('7097', '4139', '134', '0', '128', '3720', '0', '0', '75', '80'); --
INSERT INTO `mob_groups` VALUES ('7098', '4140', '134', '0', '128', '3725', '0', '0', '75', '80'); --
INSERT INTO `mob_groups` VALUES ('9285', '3667', '178', '0', '128', '0', '600', '0', '65', '65');
INSERT INTO `mob_groups` VALUES ('9299', '2184', '179', '0', '128', '0', '15000', '0', '75', '75');
INSERT INTO `mob_groups` VALUES ('9312', '239', '180', '0', '128', '0', '2500', '0', '75', '75');
INSERT INTO `mob_groups` VALUES ('10114', '1255', '212', '924', '0', '898', '0', '0', '75', '78');

INSERT INTO `mob_family_system` VALUES (351,'Kam_lanaut',13,'Humanoid',0,10,40,90,110,3,3,2,3,2,2,3,3,3,3,3,1,1,1,1,1,1,1,1,1,1,1,1,0);
INSERT INTO `mob_family_system` VALUES (352,'ArkAngel-EV',13,'Humanoid',0,10,40,100,90,2,5,3,6,6,2,4,3,3,3,3,1,1,1,1,1,1,1,1,1,1,1,1,0);
INSERT INTO `mob_family_system` VALUES (353,'ArkAngel-GK',13,'Humanoid',0,10,60,120,100,3,4,1,5,5,4,6,3,3,3,3,1,1,1,1,1,1,1,1,1,1,1,1,0);
INSERT INTO `mob_family_system` VALUES (354,'ArkAngel-HM',13,'Humanoid',0,10,60,90,110,3,3,2,3,2,2,3,3,3,3,3,1,1,1,1,1,1,1,1,1,1,1,1,0);
INSERT INTO `mob_family_system` VALUES (355,'ArkAngel-MR',13,'Humanoid',0,10,40,80,110,5,1,5,2,4,5,6,3,3,3,3,1,1,1,1,1,1,1,1,1,1,1,1,0);
INSERT INTO `mob_family_system` VALUES (356,'ArkAngel-TT',13,'Humanoid',0,10,40,70,140,6,4,5,3,1,5,4,3,3,3,3,1,1,1,1,1,1,1,1,1,1,1,1,0);

INSERT INTO `mob_skill` VALUES (728,234,685,'Electrocharge', 0, 15.0, 2000, 1000, 4, 0);
INSERT INTO `mob_skill` VALUES (305,234,971,'Electromagnetic_Field', 1, 10.0, 2000, 1000, 4, 0);
INSERT INTO `mob_skill` VALUES (1657,234,0,'Stunbolt', 0, 10.0, 2000, 1000, 4, 0); -- Animation?
INSERT INTO `mob_skill` VALUES (1775,234,972,'Reactive_Shield', 0, 7.0, 2000, 1000, 1, 0); -- CoP zones only.
-- Kam'lanaut
-- TODO: Script these when mob additional effects work.
-- INSERT INTO `mob_skill` VALUES (567,351,495,'Fire_Blade',0,7,2000,0,1,0);
-- INSERT INTO `mob_skill` VALUES (568,351,496,'Frost_Blade',0,7,2000,0,1,0);
-- INSERT INTO `mob_skill` VALUES (569,351,497,'Wind_Blade',0,7,2000,0,1,0);
-- INSERT INTO `mob_skill` VALUES (570,351,498,'Earth_Blade',0,7,2000,0,1,0);
-- INSERT INTO `mob_skill` VALUES (571,351,499,'Lightning_Blade',0,7,2000,0,1,0);
-- INSERT INTO `mob_skill` VALUES (572,351,500,'Water_Blade',0,7,2000,0,1,0);
INSERT INTO `mob_skill` VALUES (573,351,501,'Great_Wheel', 1,7.0, 2000, 1000, 4, 0);
INSERT INTO `mob_skill` VALUES (574,351,502,'Light_Blade', 0, 30.0, 2000, 1000, 4, 0);

-- Ark Angel EV
INSERT INTO `mob_skill` VALUES (0,352,432,'Two_Hour', 1, 15.0, 2000, 0, 4, 0);
INSERT INTO `mob_skill` VALUES (677,352,635,'Dominion_Slash',2,10,2000,0,4,0);
INSERT INTO `mob_skill` VALUES (678,352,638,'Shield_Strike',4,7,2000,0,4,0);
INSERT INTO `mob_skill` VALUES (686,352,642,'Spirits_Within',0,7,2000,0,4,0);
INSERT INTO `mob_skill` VALUES (687,352,643,'Vorpal_Blade',0,7,2000,0,4,0);
-- Ark Angel GK
INSERT INTO `mob_skill` VALUES (0,353,432,'Two_Hour', 1, 15.0, 2000, 0, 4, 0);
INSERT INTO `mob_skill` VALUES (681,353,637,'Dragonfall',1,7,2000,0,4,0);
INSERT INTO `mob_skill` VALUES (690,353,648,'Tachi_Yukikaze',0,7,2000,0,4,0);
INSERT INTO `mob_skill` VALUES (691,353,649,'Tachi_Gekko',0,7,2000,0,4,0);
INSERT INTO `mob_skill` VALUES (692,353,650,'Tachi_Kasha',0,7,2000,0,4,0);
-- Ark Angel HM
INSERT INTO `mob_skill` VALUES (0,354,432,'Two_Hour', 1, 15.0, 2000, 0, 4, 0);
INSERT INTO `mob_skill` VALUES (675,354,633,'Cross_Reaver',4,7,2000,0,4,0);
INSERT INTO `mob_skill` VALUES (682,354,640,'Circle_Blade',1,7,2000,0,4,0);
INSERT INTO `mob_skill` VALUES (683,354,641,'Swift_Blade',0,7,2000,0,4,0);
-- Ark Angel MR 
INSERT INTO `mob_skill` VALUES (0,355,432,'Two_Hour', 1, 15.0, 2000, 0, 4, 0);
INSERT INTO `mob_skill` VALUES (676,355,634,'Havoc_Spiral',1,7,2000,0,4,0);
INSERT INTO `mob_skill` VALUES (684,355,644,'Rampage',0,7,2000,0,4,0);
INSERT INTO `mob_skill` VALUES (685,355,645,'Calamity',0,7,2000,0,4,0);
-- Ark Angel TT
INSERT INTO `mob_skill` VALUES (0,356,432,'Two_Hour', 1, 15.0, 2000, 0, 4, 0);
INSERT INTO `mob_skill` VALUES (679,356,636,'Amon_Drive',2,10,2000,0,4,0);
INSERT INTO `mob_skill` VALUES (688,356,646,'Spinning_Scythe',1,7,2000,0,4,0);
INSERT INTO `mob_skill` VALUES (689,356,647,'Guillotine',0,7,2000,0,4,0);


-- Hydra
INSERT INTO `mob_skill` VALUES (1572,164,1308,'Pyric_Blast', 4, 15.0, 2000, 1000, 4, 0);
INSERT INTO `mob_skill` VALUES (1573,164,1319,'Polar_Bulwark', 0, 7.0, 2000, 1000, 1, 0);
INSERT INTO `mob_skill` VALUES (1574,164,1309,'Polar_Blast', 4, 15.0, 2000, 1000, 4, 0);
INSERT INTO `mob_skill` VALUES (1575,164,1318,'Pyric_Bulwark', 0, 7.0, 2000, 1000, 1, 0);
INSERT INTO `mob_skill` VALUES (1576,164,1313,'Barofield', 4, 15.0, 2000, 1000, 4, 0);
INSERT INTO `mob_skill` VALUES (1578,164,1310,'Trembling', 1, 10.0, 2000, 1000, 4, 0);
INSERT INTO `mob_skill` VALUES (1579,164,1311,'Serpentine_Tail', 0, 7.0, 2000, 1000, 4, 0);
INSERT INTO `mob_skill` VALUES (1580,164,1312,'Nerve_Gas', 1, 10.0, 2000, 1000, 4, 0);

-- Khimaira
INSERT INTO `mob_skill` VALUES (1769,168,1369,'Dreadstorm', 1, 18.0, 2000, 1000, 4, 0);
INSERT INTO `mob_skill` VALUES (1770,168,1381,'Fossilizing_Breath', 4, 16.0, 2000, 1000, 4, 0);
INSERT INTO `mob_skill` VALUES (1772,168,1386,'Fulmination', 1, 32.0, 2000, 1000, 4, 0); -- only at < 37% strong paralyze
INSERT INTO `mob_skill` VALUES (1771,168,1382,'Plague_Swipe', 4, 16.0, 2000, 1000, 4, 0);
INSERT INTO `mob_skill` VALUES (1766,168,1367,'Tenebrous_Mist', 1, 18.0, 2000, 1000, 4, 0);
INSERT INTO `mob_skill` VALUES (1767,168,1368,'Thunderstrike', 1, 18.0, 2000, 1000, 4, 0);
INSERT INTO `mob_skill` VALUES (1768,168,1371,'Tourbillion', 1, 18.0, 2000, 1000, 4, 0); -- Need a system to lower wings with crits.  Commented out for now.
INSERT INTO `mob_skill` VALUES (1572,313,1308,'Pyric_Blast', 4, 15.0, 2000, 1000, 4, 0);
INSERT INTO `mob_skill` VALUES (1573,313,1319,'Polar_Bulwark', 0, 7.0, 2000, 1000, 1, 0);
INSERT INTO `mob_skill` VALUES (1574,313,1309,'Polar_Blast', 4, 15.0, 2000, 1000, 4, 0);
INSERT INTO `mob_skill` VALUES (1575,313,1318,'Pyric_Bulwark', 0, 7.0, 2000, 1000, 1, 0);
INSERT INTO `mob_skill` VALUES (1576,313,1313,'Barofield', 4, 15.0, 2000, 1000, 4, 0);
INSERT INTO `mob_skill` VALUES (1578,313,1310,'Trembling', 1, 10.0, 2000, 1000, 4, 0);
INSERT INTO `mob_skill` VALUES (1579,313,1311,'Serpentine_Tail', 0, 7.0, 2000, 1000, 4, 0);
INSERT INTO `mob_skill` VALUES (1580,313,1312,'Nerve_Gas', 1, 10.0, 2000, 1000, 4, 0);
INSERT INTO `mob_skill` VALUES (1769,315,1369,'Dreadstorm', 1, 18.0, 2000, 1000, 4, 0);
INSERT INTO `mob_skill` VALUES (1770,315,1381,'Fossilizing_Breath', 4, 16.0, 2000, 1000, 4, 0);
INSERT INTO `mob_skill` VALUES (1772,315,1386,'Fulmination', 1, 32.0, 2000, 1000, 4, 0); -- only at < 50% strong paralyze
INSERT INTO `mob_skill` VALUES (1771,315,1382,'Plague_Swipe', 4, 16.0, 2000, 1000, 4, 0);
INSERT INTO `mob_skill` VALUES (1766,315,1367,'Tenebrous_Mist', 1, 18.0, 2000, 1000, 4, 0);
INSERT INTO `mob_skill` VALUES (1767,315,1368,'Thunderstrike', 1, 18.0, 2000, 1000, 4, 0);
INSERT INTO `mob_skill` VALUES (1768,315,1371,'Tourbillion', 1, 18.0, 2000, 1000, 4, 0);

INSERT INTO `mob_pools` VALUES (235,'Ark_Angel_EV',352,0x0000110300000000000000000000000000000000,7,3,3,240,8,1,18,0,32,1595,1051,0,0,37);
INSERT INTO `mob_pools` VALUES (236,'Ark_Angel_GK',353,0x0000140300000000000000000000000000000000,12,14,10,240,8,1,18,0,32,693,1179,0,0,0);
INSERT INTO `mob_pools` VALUES (237,'Ark_Angel_HM',354,0x0000100300000000000000000000000000000000,1,13,3,240,8,1,18,0,32,3139,1179,0,0,38);
INSERT INTO `mob_pools` VALUES (238,'Ark_Angel_MR',355,0x0000120300000000000000000000000000000000,9,6,2,240,8,0,18,0,32,4504,1051,0,0,0);
INSERT INTO `mob_pools` VALUES (239,'Ark_Angel_s_Mandragora',178,0x00002D0100000000000000000000000000000000,2,2,7,360,8,0,18,0,0,0,0,0,0,0);
INSERT INTO `mob_pools` VALUES (240,'Ark_Angel_s_Tiger',242,0x0000340100000000000000000000000000000000,1,1,7,240,8,0,18,0,0,0,0,0,0,0);
INSERT INTO `mob_pools` VALUES (241,'Ark_Angel_s_Wyvern',347,0x00000C0300000000000000000000000000000000,14,1,7,200,8,0,18,0,0,0,0,0,0,0);
INSERT INTO `mob_pools` VALUES (242,'Ark_Angel_TT',356,0x0000130300000000000000000000000000000000,4,8,1,240,8,0,18,0,32,1129,1179,0,0,39);
INSERT INTO `mob_pools` VALUES (435,'Black_Dragon',87,0x0000A40100000000000000000000000000000000,1,1,12,240,8,1,18,0,0,245,131,0,0,0);
INSERT INTO `mob_pools` VALUES (664,'Cave_Mold',229,0x0000240100000000000000000000000000000000,1,1,7,240,2,0,0,0,0,0,3,0,0,0);
INSERT INTO `mob_pools` VALUES (766,'Colo-colo',46,0x0000010100000000000000000000000000000000,8,8,7,240,8,1,18,0,0,0,3,0,0,5);
INSERT INTO `mob_pools` VALUES (884,'Cyranuce_M_Cutauleon',268,0x00003E0100000000000000000000000000000000,1,1,7,240,8,1,18,0,0,0,0,0,0,0);
INSERT INTO `mob_pools` VALUES (912,'Dark_Dragon',87,0x0000A40100000000000000000000000000000000,1,1,12,240,8,1,18,0,0,0,3,0,0,0);
INSERT INTO `mob_pools` VALUES (1027,'Diabolos',35,0x0000790400000000000000000000000000000000,4,5,12,240,8,1,18,0,32,191,155,0,0,2);
INSERT INTO `mob_pools` VALUES (1040,'Diremite',81,0x0000490500000000000000000000000000000000,8,8,5,210,0,0,1,0,0,131,643,0,0,5);
INSERT INTO `mob_pools` VALUES (1116,'Dread_Dragon',87,0x0000A40100000000000000000000000000000000,1,1,12,240,8,1,18,0,0,100,131,0,0,0);
INSERT INTO `mob_pools` VALUES (1158,'Eald_narche',150,0x0000080300000000000000000000000000000000,4,1,9,240,8,0,16,0,0,0,0,0,0,22);
INSERT INTO `mob_pools` VALUES (1270,'Exoplates',236,0x0000090300000000000000000000000000000000,1,1,7,240,8,0,18,0,0,6951,1155,0,0,0);
INSERT INTO `mob_pools` VALUES (1322,'Fenrir_Prime',36,0x0000180300000000000000000000000000000000,1,1,6,240,40,1,18,0,32,1417,155,0,0,0);
INSERT INTO `mob_pools` VALUES (1330,'Fe_e',218,0x0000610100000000000000000000000000000000,2,2,7,240,8,0,18,0,0,0,0,0,0,0);
INSERT INTO `mob_pools` VALUES (1441,'Furies',47,0x0000040100000000000000000000000000000000,6,8,3,240,8,1,16,0,0,0,3,0,0,0);
INSERT INTO `mob_pools` VALUES (1473,'Garuda_Prime',37,0x00001C0300000000000000000000000000000000,1,1,6,240,40,1,18,0,0,0,3,0,0,0);
INSERT INTO `mob_pools` VALUES (1648,'Goblin_Digger',133,0x0000E40100000000000000000000000000000000,6,6,2,240,1,1,32,0,0,3072,129,0,0,0);
INSERT INTO `mob_pools` VALUES (1716,'Goblin_Statue',92,0x0000260400000000000000000000000000000000,3,3,11,240,16,1,16,1023,0,7,135,0,0,40);
INSERT INTO `mob_pools` VALUES (1798,'Grav_iton',282,0x0000D70400000000000000000000000000000000,6,6,2,240,8,1,18,1,0,0,0,0,0,0);
INSERT INTO `mob_pools` VALUES (2050,'Ifrit_Prime',38,0x0000190300000000000000000000000000000000,1,1,5,240,40,1,18,0,0,0,3,0,0,0);
INSERT INTO `mob_pools` VALUES (2184,'Kam_lanaut',351,0x00001F0300000000000000000000000000000000,5,5,3,240,8,1,18,17,0,0,0,0,0,21);
INSERT INTO `mob_pools` VALUES (2255,'King_Behemoth',51,0x0000940100000000000000000000000000000000,1,1,6,380,16,1,2,0,32,6713,131,0,0,0);
INSERT INTO `mob_pools` VALUES (2402,'Leviathan_Prime',40,0x00001B0300000000000000000000000000000000,1,1,8,240,40,1,18,0,0,0,3,0,0,0);
INSERT INTO `mob_pools` VALUES (2461,'Maat_s_Avatar',34,0x0000170300000000000000000000000000000000,4,4,7,240,0,0,26,0,0,0,0,0,0,2);
INSERT INTO `mob_pools` VALUES (2462,'Maat_s_Pet',242,0x00002D0100000000000000000000000000000000,1,1,7,240,0,0,26,0,0,0,0,0,0,0);
INSERT INTO `mob_pools` VALUES (2463,'Maat_s_Wyvern',347,0x0000180000000000000000000000000000000000,1,1,7,200,0,0,26,0,0,0,0,0,0,0);
INSERT INTO `mob_pools` VALUES (2729,'Molyb_iton',336,0x0000BD0400000000000000000000000000000000,4,4,6,240,8,1,18,0,0,0,0,0,0,2);
INSERT INTO `mob_pools` VALUES (2755,'Mother_Globe',234,0x00003B0100000000000000000000000000000000,1,4,7,240,34,0,2,0,0,177,135,0,0,41);
INSERT INTO `mob_pools` VALUES (2993,'Orbital',234,0x00003A0100000000000000000000000000000000,1,1,7,240,8,0,18,0,0,1695,1157,0,0,0);
INSERT INTO `mob_pools` VALUES (3131,'Phlebotomic_Slug',172,0x0000140100000000000000000000000000000000,1,1,7,240,0,1,0,0,0,191,643,0,0,0);
INSERT INTO `mob_pools` VALUES (3317,'Ramuh_Prime',43,0x00001E0300000000000000000000000000000000,1,1,12,240,40,1,18,0,0,0,3,0,0,0);
INSERT INTO `mob_pools` VALUES (3515,'Searcher',4,0x0000080100000000000000000000000000000000,1,4,7,240,8,1,18,0,0,244,131,0,0,11);
INSERT INTO `mob_pools` VALUES (3536,'Seeker',4,0x0000080100000000000000000000000000000000,1,4,7,240,8,1,18,0,0,0,3,0,0,11);
INSERT INTO `mob_pools` VALUES (3579,'Shadow_Lord',224,0x0000150300000000000000000000000000000000,8,4,4,240,8,0,18,0,0,1516,131,0,0,20);
INSERT INTO `mob_pools` VALUES (3607,'Shiva_Prime',44,0x00001D0300000000000000000000000000000000,1,1,6,240,40,1,18,0,0,0,3,0,0,0);
INSERT INTO `mob_pools` VALUES (3667,'Slave_Globe',234,0x00003A0100000000000000000000000000000000,1,1,7,240,34,1,2,0,0,7,131,0,0,0);
INSERT INTO `mob_pools` VALUES (3740,'Spotter',4,0x0000080100000000000000000000000000000000,1,4,7,240,8,1,18,0,0,3754,131,0,0,11);
INSERT INTO `mob_pools` VALUES (3872,'Temple_Guardian',85,0x0000300100000000000000000000000000000000,1,1,12,240,0,0,32,0,0,7,131,0,0,0);
INSERT INTO `mob_pools` VALUES (4052,'Tungs_iton',336,0x0000C90400000000000000000000000000000000,15,15,6,240,8,1,18,0,0,0,0,0,0,32);
INSERT INTO `mob_pools` VALUES (4258,'Vouivre',266,0x00008E0100000000000000000000000000000000,1,1,7,240,0,0,2,1,32,0,3,0,0,0);
INSERT INTO `mob_pools` VALUES (4593,'Shadow_Lord',225,0x0000160300000000000000000000000000000000,8,4,4,240,8,0,18,0,0,1516,131,0,0,20);
INSERT INTO `mob_pools` VALUES (4642,'Shiva_Prime',319,0x00001D0300000000000000000000000000000000,1,1,6,240,40,1,18,1,0,0,3,0,0,0);
INSERT INTO `mob_pools` VALUES (4643,'Ramuh_Prime',320,0x00001E0300000000000000000000000000000000,1,1,12,240,40,1,18,1,0,0,3,0,0,0);
INSERT INTO `mob_pools` VALUES (4644,'Titan_Prime',321,0x00001A0300000000000000000000000000000000,1,1,6,240,40,1,18,1,0,0,3,0,0,0);
INSERT INTO `mob_pools` VALUES (4645,'Ifrit_Prime',322,0x0000190300000000000000000000000000000000,1,1,5,240,40,1,18,1,0,0,3,0,0,0);
INSERT INTO `mob_pools` VALUES (4646,'Leviathan_Prime',323,0x00001B0300000000000000000000000000000000,1,1,8,240,40,1,18,1,0,0,3,0,0,0);
INSERT INTO `mob_pools` VALUES (4647,'Garuda_Prime',324,0x00001C0300000000000000000000000000000000,1,1,6,240,40,1,18,1,0,0,3,0,0,0);
INSERT INTO `mob_pools` VALUES (4648,'Fenrir_Prime',325,0x0000180300000000000000000000000000000000,1,1,6,240,40,1,18,0,32,1417,155,0,0,0);
INSERT INTO `mob_pools` VALUES (4674,'Tungs_iton_s_Elemental',102,0x0000080000000000000000000000000000000000,4,5,12,240,8,1,16,0,0,0,0,0,0,19);

INSERT INTO `status_effects` VALUES (23,'kaustra',32,0,228,0,0,0,0);
INSERT INTO `status_effects` VALUES (150,'physical_shield',33,0,0,0,0,0,0);
INSERT INTO `status_effects` VALUES (151,'arrow_shield',33,0,0,0,0,0,0);
INSERT INTO `status_effects` VALUES (152,'magic_shield',33,0,0,0,0,0,0);
INSERT INTO `status_effects` VALUES (228,'embrava',32,0,23,0,0,0,0);
INSERT INTO `status_effects` VALUES (358,'light_arts',288,0,0,0,0,0,0);
INSERT INTO `status_effects` VALUES (359,'dark_arts',288,0,0,0,0,0,0);
INSERT INTO `status_effects` VALUES (360,'penury',32,0,0,0,0,0,0);
INSERT INTO `status_effects` VALUES (361,'parsimony',32,0,0,0,0,0,0);
INSERT INTO `status_effects` VALUES (362,'celerity',32,0,0,0,0,0,0);
INSERT INTO `status_effects` VALUES (363,'alacrity',32,0,0,0,0,0,0);
INSERT INTO `status_effects` VALUES (364,'rapture',32,0,0,0,0,0,0);
INSERT INTO `status_effects` VALUES (365,'ebullience',32,0,0,0,0,0,0);
INSERT INTO `status_effects` VALUES (366,'accession',32,0,0,0,0,0,0);
INSERT INTO `status_effects` VALUES (367,'manifestation',32,0,0,0,0,0,0);
INSERT INTO `status_effects` VALUES (401,'addendum_white',288,0,0,0,0,0,0);
INSERT INTO `status_effects` VALUES (402,'addendum_black',288,0,0,0,0,0,0);
INSERT INTO `status_effects` VALUES (412,'altruism',32,0,0,0,0,0,0);
INSERT INTO `status_effects` VALUES (413,'focalization',32,0,0,0,0,0,0);
INSERT INTO `status_effects` VALUES (414,'tranquility',32,0,0,0,0,0,0);
INSERT INTO `status_effects` VALUES (415,'equanimity',32,0,0,0,0,0,0);

INSERT INTO `item_basic` VALUES(278,'cardian_statue','cardian_statue',1,61520,0,1,0);
INSERT INTO `item_basic` VALUES(279,'shadow_lord_statue_ii','s._lord_statue_ii',1,61520,0,1,0);
INSERT INTO `item_basic` VALUES(280,'shadow_lord_statue_iii','s._lord_statue_iii',1,61520,0,1,0);
INSERT INTO `item_basic` VALUES(281,'atomos_statue','atomos_statue',1,61520,0,1,0);
INSERT INTO `item_basic` VALUES(282,'yovra_replica','yovra_replica',1,61520,0,1,0);
INSERT INTO `item_basic` VALUES(434,'isula_sideboard','isula_sideboard',1,32,0,1,0);
INSERT INTO `item_basic` VALUES(439,'planus_table','planus_table',1,32,0,1,0);
INSERT INTO `item_basic` VALUES(687,'scarletite_ingot','scarletite_ingot',12,0,0,1,0);
INSERT INTO `item_basic` VALUES(733,'piece_of_kapor_lumber','kapor_lumber',12,0,0,1,0);
INSERT INTO `item_basic` VALUES(734,'chunk_of_thokcha_ore','thokcha_ore',1,0,0,1,0);
INSERT INTO `item_basic` VALUES(735,'thokcha_ingot','thokcha_ingot',12,0,0,1,0);
INSERT INTO `item_basic` VALUES(741,'chunk_of_palladian_brass_ore','p._brass_ore',1,0,0,1,0);
INSERT INTO `item_basic` VALUES(742,'palladian_brass_ingot','p._brass_ingot',12,0,0,1,0);
INSERT INTO `item_basic` VALUES(755,'palladian_brass_sheet','p._brass_sheet',12,0,0,1,0);
INSERT INTO `item_basic` VALUES(765,'palladian_brass_chain','p._brass_chain',12,0,0,1,0);
INSERT INTO `item_basic` VALUES(766,'ormolu_ingot','ormolu_ingot',12,0,0,1,0);
INSERT INTO `item_basic` VALUES(3508,'crystal_petrifact','crystal_petrifact',99,28752,0,1,0);
INSERT INTO `item_basic` VALUES(3528,'legion_pass','legion_pass',1,12352,0,1,0);
INSERT INTO `item_basic` VALUES(3529,'lofty_trophy','lofty_trophy',1,45120,0,1,0);
INSERT INTO `item_basic` VALUES(3530,'mired_trophy','mired_trophy',1,45120,0,1,0);
INSERT INTO `item_basic` VALUES(3531,'soaring_trophy','soaring_trophy',1,45120,0,1,0);
INSERT INTO `item_basic` VALUES(3532,'veiled_trophy','veiled_trophy',1,45120,0,1,0);
INSERT INTO `item_basic` VALUES(3544,'square_of_penelopes_cloth','penelopes_cloth',12,0,0,1,0);
INSERT INTO `item_basic` VALUES(3545,'square_of_serica_cloth','serica_cloth',12,0,0,1,0);
INSERT INTO `item_basic` VALUES(3546,'piece_of_staghorn_coral','staghorn_coral',1,0,0,1,0);
INSERT INTO `item_basic` VALUES(3547,'sealord_skin','sealord_skin',1,0,0,1,0);
INSERT INTO `item_basic` VALUES(3548,'square_of_sealord_leather','sealord_leather',12,0,0,1,0);
INSERT INTO `item_basic` VALUES(3549,'vial_of_belladonna_sap','belladonna_sap',1,0,0,1,0);
INSERT INTO `item_basic` VALUES(3550,'spool_of_wyrdstrand','wyrdstrand',12,0,0,1,0);
INSERT INTO `item_basic` VALUES(3551,'square_of_wyrdweave','wyrdweave',12,0,0,1,0);
INSERT INTO `item_basic` VALUES(3552,'squamous_hide','squamous_hide',12,0,0,1,0);
INSERT INTO `item_basic` VALUES(3553,'banquet_table_blueprint','b._table_blueprint',1,28752,0,1,0);
INSERT INTO `item_basic` VALUES(3554,'set_of_banquet_table_fabric','b._table_fabric',1,28752,0,1,0);
INSERT INTO `item_basic` VALUES(3555,'set_of_banquet_table_wood','b._table_wood',1,28752,0,1,0);
INSERT INTO `item_basic` VALUES(3557,'athena_orb','athena_orb',1,28752,0,1,0);
INSERT INTO `item_basic` VALUES(3558,'abdhaljss_honor','abdhaljss_honor',12,12352,0,1,0);
INSERT INTO `item_basic` VALUES(3559,'corvine_abjuration:_head','c.abjuration:_hd.',1,61520,0,1,0);
INSERT INTO `item_basic` VALUES(3560,'corvine_abjuration:_body','c.abjuration:_bd.',1,61520,0,1,0);
INSERT INTO `item_basic` VALUES(3561,'corvine_abjuration:_hands','c.abjuration:_hn.',1,61520,0,1,0);
INSERT INTO `item_basic` VALUES(3562,'corvine_abjuration:_legs','c.abjuration:_lg.',1,61520,0,1,0);
INSERT INTO `item_basic` VALUES(3563,'corvine_abjuration:_feet','c.abjuration:_ft.',1,61520,0,1,0);
INSERT INTO `item_basic` VALUES(3564,'supernal_abjuration:_head','s.abjuration:_hd.',1,61520,0,1,0);
INSERT INTO `item_basic` VALUES(3565,'supernal_abjuration:_body','s.abjuration:_bd.',1,61520,0,1,0);
INSERT INTO `item_basic` VALUES(3566,'supernal_abjuration:_hands','s.abjuration:_hn.',1,61520,0,1,0);
INSERT INTO `item_basic` VALUES(3567,'supernal_abjuration:_legs','s.abjuration:_lg.',1,61520,0,1,0);
INSERT INTO `item_basic` VALUES(3568,'supernal_abjuration:_feet','s.abjuration:_ft.',1,61520,0,1,0);
INSERT INTO `item_basic` VALUES(3569,'transitory_abjuration:_head','t.abjuration:_hd.',1,61520,0,1,0);
INSERT INTO `item_basic` VALUES(3570,'transitory_abjuration:_body','t.abjuration:_bd.',1,61520,0,1,0);
INSERT INTO `item_basic` VALUES(3571,'transitory_abjuration:_hands','t.abjuration:_hn.',1,61520,0,1,0);
INSERT INTO `item_basic` VALUES(3572,'transitory_abjuration:_legs','t.abjuration:_lg.',1,61520,0,1,0);
INSERT INTO `item_basic` VALUES(3573,'transitory_abjuration:_feet','t.abjuration:_ft.',1,61520,0,1,0);
INSERT INTO `item_basic` VALUES(3574,'foreboding_abjuration:_head','f.abjuration:_hd.',1,61520,0,1,0);
INSERT INTO `item_basic` VALUES(3575,'foreboding_abjuration:_body','f.abjuration:_bd.',1,61520,0,1,0);
INSERT INTO `item_basic` VALUES(3576,'foreboding_abjuration:_hands','f.abjuration:_hn.',1,61520,0,1,0);
INSERT INTO `item_basic` VALUES(3577,'foreboding_abjuration:_legs','f.abjuration:_lg.',1,61520,0,1,0);
INSERT INTO `item_basic` VALUES(3578,'foreboding_abjuration:_feet','f.abjuration:_ft.',1,61520,0,1,0);
INSERT INTO `item_basic` VALUES(3579,'lenitive_abjuration:_head','l.abjuration:_hd.',1,61520,0,1,0);
INSERT INTO `item_basic` VALUES(3580,'lenitive_abjuration:_body','l.abjuration:_bd.',1,61520,0,1,0);
INSERT INTO `item_basic` VALUES(3581,'lenitive_abjuration:_hands','l.abjuration:_hn.',1,61520,0,1,0);
INSERT INTO `item_basic` VALUES(3582,'lenitive_abjuration:_legs','l.abjuration:_lg.',1,61520,0,1,0);
INSERT INTO `item_basic` VALUES(3583,'lenitive_abjuration:_feet','l.abjuration:_ft.',1,61520,0,1,0);
INSERT INTO `item_basic` VALUES(3650,'prinseggstarta','prinseggstarta',1,61520,0,1,0);
INSERT INTO `item_basic` VALUES(3652,'memorial_cake','memorial_cake',1,61520,0,1,0);
INSERT INTO `item_basic` VALUES(3653,'banquet_table','banquet_table',1,4128,0,1,0);
INSERT INTO `item_basic` VALUES(3654,'tender_bouquet','tender_bouquet',1,61520,0,1,0);
INSERT INTO `item_basic` VALUES(3679,'beastman_gonfalon','beastman_gonfalon',1,61520,0,1,0);
INSERT INTO `item_basic` VALUES(3680,'copy_of_judgment_day','judgment_day',1,61520,0,1,0);
INSERT INTO `item_basic` VALUES(3681,'alzadaal_table','alzadaal_table',1,61520,0,1,0);
INSERT INTO `item_basic` VALUES(3840,'pulse_cell:_mx','pulse_cell:_mx',12,4096,0,1,0);
INSERT INTO `item_basic` VALUES(3841,'pulse_cell:_an','pulse_cell:_an',12,4096,0,1,0);
INSERT INTO `item_basic` VALUES(3842,'pulse_cell:_fa','pulse_cell:_fa',12,4096,0,1,0);
INSERT INTO `item_basic` VALUES(3843,'pulse_cell:_to','pulse_cell:_to',12,4096,0,1,0);
INSERT INTO `item_basic` VALUES(3844,'pulse_cell:_he','pulse_cell:_he',12,4096,0,1,0);
INSERT INTO `item_basic` VALUES(3845,'pulse_cell:_mk','pulse_cell:_mk',12,4096,0,1,0);
INSERT INTO `item_basic` VALUES(3846,'pulse_cell:_bo','pulse_cell:_bo',12,4096,0,1,0);
INSERT INTO `item_basic` VALUES(3847,'pulse_cell:_as','pulse_cell:_as',12,4096,0,1,0);
INSERT INTO `item_basic` VALUES(3848,'pulse_cell:_ep','pulse_cell:_ep',12,4096,0,1,0);
INSERT INTO `item_basic` VALUES(3849,'pulse_cell:_mu','pulse_cell:_mu',12,4096,0,1,0);
INSERT INTO `item_basic` VALUES(3850,'pulse_cell:_co','pulse_cell:_co',12,4096,0,1,0);
INSERT INTO `item_basic` VALUES(3851,'pulse_cell:_de','pulse_cell:_de',12,4096,0,1,0);
INSERT INTO `item_basic` VALUES(3852,'pulse_cell:_ay','pulse_cell:_ay',12,4096,0,1,0);
INSERT INTO `item_basic` VALUES(3853,'phase_displacer','phase_displacer',99,28736,0,1,0);
INSERT INTO `item_basic` VALUES(3854,'crepuscular_chip','crepuscular_chip',1,45136,0,1,0);
INSERT INTO `item_basic` VALUES(3855,'niveous_chip','niveous_chip',1,45136,0,1,0);
INSERT INTO `item_basic` VALUES(3856,'valkyries_tear','valkyries_tear',1,4096,0,1,0);
INSERT INTO `item_basic` VALUES(3857,'piece_of_arch-omegas_eye','a.omega_eye',1,61520,0,1,0);
INSERT INTO `item_basic` VALUES(3858,'piece_of_arch-omegas_heart','a.omega_heart',1,61520,0,1,0);
INSERT INTO `item_basic` VALUES(3859,'arch-omega_foreleg_segment','a.omega_foreleg',1,61520,0,1,0);
INSERT INTO `item_basic` VALUES(3860,'arch-omega_hind_leg_segment','a.omega_hind_leg',1,61520,0,1,0);
INSERT INTO `item_basic` VALUES(3861,'segment_of_arch-omegas_tail','a.omega_tail',1,61520,0,1,0);
INSERT INTO `item_basic` VALUES(3862,'piece_of_arch-ultimas_cerebrum','a.ultima_cerebrum',1,61520,0,1,0);
INSERT INTO `item_basic` VALUES(3863,'piece_of_arch-ultimas_heart','a.ultima_heart',1,61520,0,1,0);
INSERT INTO `item_basic` VALUES(3864,'segment_of_arch-ultimas_claw','a.ultima_claw',1,61520,0,1,0);
INSERT INTO `item_basic` VALUES(3865,'segment_of_arch-ultimas_leg','a.ultima_leg',1,61520,0,1,0);
INSERT INTO `item_basic` VALUES(3866,'segment_of_arch-ultimas_tail','a.ultima_tail',1,61520,0,1,0);
INSERT INTO `item_basic` VALUES(3867,'valkyries_wing','valkyries_wing',1,4096,0,1,0);
INSERT INTO `item_basic` VALUES(3868,'valkyries_soul','valkyries_soul',1,4096,0,1,0);
INSERT INTO `item_basic` VALUES(3869,'simian_horn','simian_horn',1,0,0,1,0);
INSERT INTO `item_basic` VALUES(3870,'lock_of_simian_mane','simian_mane',1,0,0,1,0);
INSERT INTO `item_basic` VALUES(3872,'segment_of_a_meebles_claw','meeble_claw',1,0,0,1,0);
INSERT INTO `item_basic` VALUES(3873,'burrow_worm','burrow_worm',1,4160,0,1,0);
INSERT INTO `item_basic` VALUES(3875,'diligence_grimoire','diligence_grimoire',1,61504,0,1,0);
INSERT INTO `item_basic` VALUES(3876,'avidity_grimoire','avidity_grimoire',1,61504,0,1,0);
INSERT INTO `item_basic` VALUES(3877,'gallantry_grimoire','gallantry_grimoire',1,61504,0,1,0);
INSERT INTO `item_basic` VALUES(3878,'militance_grimoire','militance_grimoire',1,61504,0,1,0);
INSERT INTO `item_basic` VALUES(3879,'sanctity_grimoire','sanctity_grimoire',1,61504,0,1,0);
INSERT INTO `item_basic` VALUES(3880,'copy_of_bloodshed_plans','bloodshed_plans',99,28752,0,1,0);
INSERT INTO `item_basic` VALUES(3881,'copy_of_umbrage_plans','umbrage_plans',99,28752,0,1,0);
INSERT INTO `item_basic` VALUES(3882,'copy_of_ritualistic_plans','ritualistic_plans',99,28752,0,1,0);
INSERT INTO `item_basic` VALUES(3883,'copy_of_tutelary_plans','tutelary_plans',99,28752,0,1,0);
INSERT INTO `item_basic` VALUES(3884,'copy_of_primacy_plans','primacy_plans',99,28752,0,1,0);
INSERT INTO `item_basic` VALUES(3885,'copy_of_melodious_plans','melodious_plans',1,61520,0,1,0);
INSERT INTO `item_basic` VALUES(3886,'timbre_case_kit','timbre_case_kit',1,61520,0,1,0);
INSERT INTO `item_basic` VALUES(3887,'musichinery_kit','musichinery_kit',1,61520,0,1,0);
INSERT INTO `item_basic` VALUES(3888,'safeguard_palimpsest','s._palimpsest',12,0,0,1,0);
INSERT INTO `item_basic` VALUES(3889,'obliteration_palimpsest','o._palimpsest',12,0,0,1,0);
INSERT INTO `item_basic` VALUES(3890,'alacrity_palimpsest','a._palimpsest',12,0,0,1,0);
INSERT INTO `item_basic` VALUES(3891,'intimidation_palimpsest','i._palimpsest',12,0,0,1,0);
INSERT INTO `item_basic` VALUES(3892,'piece_of_fulgent_ore','fulgent_ore',1,61504,0,1,0);
INSERT INTO `item_basic` VALUES(3893,'daimonic_mandible','daimonic_mandible',1,0,0,1,0);
INSERT INTO `item_basic` VALUES(3894,'daimonic_casing','daimonic_casing',1,0,0,1,0);
INSERT INTO `item_basic` VALUES(3895,'rala_visage_i','rala_visage_i',1,0,0,1,0);
INSERT INTO `item_basic` VALUES(3896,'rala_visage_ii','rala_visage_ii',1,0,0,1,0);
INSERT INTO `item_basic` VALUES(3897,'rala_visage_iii','rala_visage_iii',1,0,0,1,0);
INSERT INTO `item_basic` VALUES(3898,'rala_visage_iv','rala_visage_iv',1,0,0,1,0);
INSERT INTO `item_basic` VALUES(3899,'rala_visage_v','rala_visage_v',1,0,0,1,0);
INSERT INTO `item_basic` VALUES(3900,'faithfuls_torso_i','faithfuls_torso_i',1,0,0,1,0);
INSERT INTO `item_basic` VALUES(3901,'faithfuls_torso_ii','faithfuls_torso_ii',1,0,0,1,0);
INSERT INTO `item_basic` VALUES(3902,'faithfuls_torso_iii','faithfl._torso_iii',1,0,0,1,0);
INSERT INTO `item_basic` VALUES(3903,'faithfuls_torso_iv','faithfl._torso_iv',1,0,0,1,0);
INSERT INTO `item_basic` VALUES(3904,'faithfuls_torso_v','faithfuls_torso_v',1,0,0,1,0);
INSERT INTO `item_basic` VALUES(3905,'pair_of_faithfuls_legs_i','faithfuls_legs_i',1,0,0,1,0);
INSERT INTO `item_basic` VALUES(3906,'pair_of_faithfuls_legs_ii','faithfuls_legs_ii',1,0,0,1,0);
INSERT INTO `item_basic` VALUES(3907,'pair_of_faithfuls_legs_iii','faithfuls_legs_iii',1,0,0,1,0);
INSERT INTO `item_basic` VALUES(3908,'pair_of_faithfuls_legs_iv','faithfuls_legs_iv',1,0,0,1,0);
INSERT INTO `item_basic` VALUES(3909,'pair_of_faithfuls_legs_v','faithfuls_legs_v',1,0,0,1,0);
INSERT INTO `item_basic` VALUES(3910,'cirdas_visage_i','cirdas_visage_i',1,0,0,1,0);
INSERT INTO `item_basic` VALUES(3911,'cirdas_visage_ii','cirdas_visage_ii',1,0,0,1,0);
INSERT INTO `item_basic` VALUES(3912,'cirdas_visage_iii','cirdas_visage_iii',1,0,0,1,0);
INSERT INTO `item_basic` VALUES(3913,'cirdas_visage_iv','cirdas_visage_iv',1,0,0,1,0);
INSERT INTO `item_basic` VALUES(3914,'cirdas_visage_v','cirdas_visage_v',1,0,0,1,0);
INSERT INTO `item_basic` VALUES(3915,'saffron_blossom','saffron_blossom',12,0,0,1,0);
INSERT INTO `item_basic` VALUES(3916,'pinch_of_saffron','saffron',12,0,0,1,0);
INSERT INTO `item_basic` VALUES(3917,'leafkin_frond','leafkin_frond',12,0,0,1,0);
INSERT INTO `item_basic` VALUES(3918,'chunk_of_midrium_ore','midrium_ore',1,0,0,1,0);
INSERT INTO `item_basic` VALUES(3919,'midrium_ingot','midrium_ingot',12,0,0,1,0);
INSERT INTO `item_basic` VALUES(3920,'chunk_of_vanadium_ore','vanadium_ore',1,0,0,1,0);
INSERT INTO `item_basic` VALUES(3921,'marble_nugget','marble_nugget',1,0,0,1,0);
INSERT INTO `item_basic` VALUES(3922,'chunk_of_rhodium_ore','rhodium_ore',1,0,0,1,0);
INSERT INTO `item_basic` VALUES(3923,'rhodium_ingot','rhodium_ingot',12,0,0,1,0);
INSERT INTO `item_basic` VALUES(3924,'scholar_stone','scholar_stone',1,0,0,1,0);
INSERT INTO `item_basic` VALUES(3925,'tanzanite_jewel','tanzanite_jewel',12,0,0,1,0);
INSERT INTO `item_basic` VALUES(3926,'urunday_log','urunday_log',1,0,0,1,0);
INSERT INTO `item_basic` VALUES(3927,'piece_of_urunday_lumber','urunday_lumber',12,0,0,1,0);
INSERT INTO `item_basic` VALUES(3928,'velkk_necklace','velkk_necklace',1,0,0,1,0);
INSERT INTO `item_basic` VALUES(3929,'velkk_mask','velkk_mask',1,0,0,1,0);
INSERT INTO `item_basic` VALUES(3930,'twitherym_wing','twitherym_wing',12,0,0,1,0);
INSERT INTO `item_basic` VALUES(3931,'twitherym_scale','twitherym_scale',12,0,0,1,0);
INSERT INTO `item_basic` VALUES(3932,'chapuli_horn','chapuli_horn',12,0,0,1,0);
INSERT INTO `item_basic` VALUES(3933,'craklaw_pincer','craklaw_pincer',1,0,0,1,0);
INSERT INTO `item_basic` VALUES(3934,'matamata_shell','matamata_shell',1,0,0,1,0);
INSERT INTO `item_basic` VALUES(3935,'jar_of_umbril_ooze','umbril_ooze',12,0,0,1,0);
INSERT INTO `item_basic` VALUES(3936,'jar_of_acuex_poison','acuex_poison',12,0,0,1,0);
INSERT INTO `item_basic` VALUES(3937,'bottle_of_panopt_tears','panopt_tears',12,0,0,1,0);
INSERT INTO `item_basic` VALUES(3938,'mantid_foreleg','mantid_foreleg',1,0,0,1,0);
INSERT INTO `item_basic` VALUES(3939,'mantid_carapace','mantid_carapace',1,0,0,1,0);
INSERT INTO `item_basic` VALUES(3940,'carrier_crab_carapace','carrier_crab_crpc.',1,0,0,1,0);
INSERT INTO `item_basic` VALUES(3941,'chapuli_wing','chapuli_wing',12,0,0,1,0);
INSERT INTO `item_basic` VALUES(3942,'locust_elutriator','loc._elutriator',12,0,0,1,0);
INSERT INTO `item_basic` VALUES(3943,'bag_of_chapuli_fletchings','chapuli_fltchg.',99,0,0,1,0);
INSERT INTO `item_basic` VALUES(3944,'handful_of_chapuli_arrowheads','chapuli_arrowhd.',99,0,0,1,0);
INSERT INTO `item_basic` VALUES(3945,'handful_of_midrium_bolt_heads','mdr._bolt_heads',99,0,0,1,0);
INSERT INTO `item_basic` VALUES(3946,'handful_of_mantid_arrowheads','mantid_arrowhd.',99,0,0,1,0);
INSERT INTO `item_basic` VALUES(3947,'handful_of_damascus_bolt_heads','dmc._bolt_heads',99,0,0,1,0);
INSERT INTO `item_basic` VALUES(3954,'ghastly_stone','ghastly_stone',12,28752,0,1,0);
INSERT INTO `item_basic` VALUES(3955,'ghastly_stone_+1','ghastly_stone_+1',12,28752,0,1,0);
INSERT INTO `item_basic` VALUES(3956,'ghastly_stone_+2','ghastly_stone_+2',12,28752,0,1,0);
INSERT INTO `item_basic` VALUES(3957,'bottle_of_coalition_grease','coalition_grease',12,28752,0,1,0);
INSERT INTO `item_basic` VALUES(3958,'clump_of_yahse_humus','yahse_humus',12,0,0,1,0);
INSERT INTO `item_basic` VALUES(3959,'delectable_orobon_steak','d._oro._steak',1,61520,0,1,0);
INSERT INTO `item_basic` VALUES(3960,'celadon_yggrete_rock','celadon_yggrete',1,32768,0,1,0);
INSERT INTO `item_basic` VALUES(3961,'zaffre_yggrete_rock','zaffre_yggrete',1,32768,0,1,0);
INSERT INTO `item_basic` VALUES(3962,'alizarin_yggrete_rock','alizarin_yggrete',1,32768,0,1,0);
INSERT INTO `item_basic` VALUES(3963,'midrium_sheet','midrium_sheet',12,0,0,1,0);
INSERT INTO `item_basic` VALUES(3964,'rhodium_sheet','rhodium_sheet',12,0,0,1,0);
INSERT INTO `item_basic` VALUES(3965,'clump_of_adoulinian_kelp','adoulinian_kelp',12,0,0,1,0);
INSERT INTO `item_basic` VALUES(3966,'pair_of_soul_spectacles','soul_spectacles',99,28752,0,1,0);
INSERT INTO `item_basic` VALUES(3967,'mog_bonanza_kupon_d','bonanza_kupon_d',1,61504,0,1,0);
INSERT INTO `item_basic` VALUES(3968,'mog_bonanza_kupon_de','bonanza_kupon_de',1,61504,0,1,0);
INSERT INTO `item_basic` VALUES(3969,'mog_bonanza_kupon_sa','bonanza_kupon_sa',1,61504,0,1,0);
INSERT INTO `item_basic` VALUES(3970,'mog_bonanza_kupon_ny','bonanza_kupon_ny',1,61504,0,1,0);
INSERT INTO `item_basic` VALUES(3971,'mog_bonanza_kupon_s5','bonanza_kupon_s5',1,61504,0,1,0);
INSERT INTO `item_basic` VALUES(3972,'mog_bonanza_kupon_s2','bonanza_kupon_s2',1,61504,0,1,0);
INSERT INTO `item_basic` VALUES(3973,'mog_bonanza_kupon_o','bonanza_kupon_o',1,61504,0,1,0);
INSERT INTO `item_basic` VALUES(3974,'airlixir','airlixir',12,0,0,1,0);
INSERT INTO `item_basic` VALUES(3975,'airlixir_+1','airlixir_+1',12,0,0,1,0);
INSERT INTO `item_basic` VALUES(3976,'airlixir_+2','airlixir_+2',12,0,0,1,0);
INSERT INTO `item_basic` VALUES(3977,'gabbrath_horn','gabbrath_horn',1,0,0,1,0);
INSERT INTO `item_basic` VALUES(3978,'rockfin_fin','rockfin_fin',1,0,0,1,0);
INSERT INTO `item_basic` VALUES(3979,'rockfin_tooth','rockfin_tooth',1,0,0,1,0);
INSERT INTO `item_basic` VALUES(3980,'bztavian_stinger','bztavian_stinger',1,0,0,1,0);
INSERT INTO `item_basic` VALUES(3981,'bztavian_wing','bztavian_wing',12,0,0,1,0);
INSERT INTO `item_basic` VALUES(4916,'scroll_of_fira','fira',1,34432,0,1,0);
INSERT INTO `item_basic` VALUES(4917,'scroll_of_fira_ii','fira_ii',1,34432,0,1,0);
INSERT INTO `item_basic` VALUES(4918,'scroll_of_blizzara','blizzara',1,34432,0,1,0);
INSERT INTO `item_basic` VALUES(4919,'scroll_of_blizzara_ii','blizzara_ii',1,34432,0,1,0);
INSERT INTO `item_basic` VALUES(4920,'scroll_of_aerora','aerora',1,34432,0,1,0);
INSERT INTO `item_basic` VALUES(4921,'scroll_of_aerora_ii','aerora_ii',1,34432,0,1,0);
INSERT INTO `item_basic` VALUES(4922,'scroll_of_stonera','stonera',1,34432,0,1,0);
INSERT INTO `item_basic` VALUES(4923,'scroll_of_stonera_ii','stonera_ii',1,34432,0,1,0);
INSERT INTO `item_basic` VALUES(4924,'scroll_of_thundara','thundara',1,34432,0,1,0);
INSERT INTO `item_basic` VALUES(4925,'scroll_of_thundara_ii','thundara_ii',1,34432,0,1,0);
INSERT INTO `item_basic` VALUES(4926,'scroll_of_watera','watera',1,34432,0,1,0);
INSERT INTO `item_basic` VALUES(4927,'scroll_of_watera_ii','watera_ii',1,34432,0,1,0);
INSERT INTO `item_basic` VALUES(5102,'scroll_of_foil','foil',1,34432,0,1,0);
INSERT INTO `item_basic` VALUES(5111,'frayed_sack_of_mortality_+1','frayed_sack_(m1)',1,30288,0,1,0);
INSERT INTO `item_basic` VALUES(5112,'frayed_sack_of_mortality_+2','frayed_sack_(m2)',1,30288,0,1,0);
INSERT INTO `item_basic` VALUES(5113,'cracked_nut','cracked_nut',12,30288,0,1,0);
INSERT INTO `item_basic` VALUES(5114,'moist_rolanberry','moist_rolanberry',12,30288,0,1,0);
INSERT INTO `item_basic` VALUES(5115,'clump_of_ravaged_moko_grass','r._moko_grass',12,30288,0,1,0);
INSERT INTO `item_basic` VALUES(5116,'cavorting_worm','cavorting_worm',12,30288,0,1,0);
INSERT INTO `item_basic` VALUES(5117,'pinch_of_levigated_rock','levigated_rock',12,30288,0,1,0);
INSERT INTO `item_basic` VALUES(5118,'little_lugworm','little_lugworm',12,30288,0,1,0);
INSERT INTO `item_basic` VALUES(5119,'training_manual','training_manual',12,30288,0,1,0);
INSERT INTO `item_basic` VALUES(5506,'immutable_boulder_tincture','e._tincture_(ib)',1,58960,0,1,0);
INSERT INTO `item_basic` VALUES(5507,'luminous_isle_tincture','e._tincture_(li)',1,58960,0,1,0);
INSERT INTO `item_basic` VALUES(5508,'flourishing_island_tincture','e._tincture_(fi)',1,58960,0,1,0);
INSERT INTO `item_basic` VALUES(5509,'bud_of_the_swarm_tincture','e._tincture_(bs)',1,58960,0,1,0);
INSERT INTO `item_basic` VALUES(5510,'immaculate_sands_tincture','e._tincture_(is)',1,58960,0,1,0);
INSERT INTO `item_basic` VALUES(5511,'dragon_driftwood_tincture','e._tincture_(dd)',1,58960,0,1,0);
INSERT INTO `item_basic` VALUES(5512,'fruit_of_fecundity_tincture','e._tincture_(ff)',1,58960,0,1,0);
INSERT INTO `item_basic` VALUES(5513,'torchbloom_tincture','e._tincture_(tb)',1,58960,0,1,0);
INSERT INTO `item_basic` VALUES(5514,'lake_of_light_tincture','e._tincture_(ll)',1,58960,0,1,0);
INSERT INTO `item_basic` VALUES(5515,'gales_prominence_tincture','e._tincture_(pg)',1,58960,0,1,0);
INSERT INTO `item_basic` VALUES(5516,'sweltering_spring_tincture','e._tincture_(ss)',1,58960,0,1,0);
INSERT INTO `item_basic` VALUES(5518,'sanctum_of_life_tincture','e._tincture_(sl)',1,58960,0,1,0);
INSERT INTO `item_basic` VALUES(5519,'soils_prominence_tincture','e._tincture_(ps)',1,58960,0,1,0);
INSERT INTO `item_basic` VALUES(5520,'snowdrift_arbor_tincture','e._tincture_(sa)',1,58960,0,1,0);
INSERT INTO `item_basic` VALUES(5522,'spring_of_prosperity_tincture','e._tincture_(sp)',1,58960,0,1,0);
INSERT INTO `item_basic` VALUES(5946,'frayed_sack_of_deviousness','frayed_sack_(d)',1,13904,0,1,0);
INSERT INTO `item_basic` VALUES(5947,'frayed_sack_of_liminality','frayed_sack_(l)',1,13904,0,1,0);
INSERT INTO `item_basic` VALUES(5948,'black_prawn','black_prawn',12,1536,0,1,0);
INSERT INTO `item_basic` VALUES(5949,'mussel','mussel',12,1536,0,1,0);
INSERT INTO `item_basic` VALUES(5950,'mackerel','mackerel',12,1536,0,1,0);
INSERT INTO `item_basic` VALUES(5951,'bloodblotch','bloodblotch',1,1536,0,1,0);
INSERT INTO `item_basic` VALUES(5952,'ruddy_seema','ruddy_seema',12,1536,0,1,0);
INSERT INTO `item_basic` VALUES(5954,'barnacle','barnacle',12,1536,0,1,0);
INSERT INTO `item_basic` VALUES(5959,'dragonfish','dragonfish',12,1536,0,1,0);
INSERT INTO `item_basic` VALUES(5960,'ulbukan_lobster','ulbukan_lobster',12,1536,0,1,0);
INSERT INTO `item_basic` VALUES(5961,'contortopus','contortopus',12,1536,0,1,0);
INSERT INTO `item_basic` VALUES(5962,'contortacle','contortacle',12,1536,0,1,0);
INSERT INTO `item_basic` VALUES(5963,'senroh_sardine','senroh_sardine',12,1536,0,1,0);
INSERT INTO `item_basic` VALUES(5964,'felicifruit','felicifruit',12,1536,0,1,0);
INSERT INTO `item_basic` VALUES(5965,'head_of_isleracea','isleracea',12,1536,0,1,0);
INSERT INTO `item_basic` VALUES(5966,'ulbuconut','ulbuconut',1,1536,0,1,0);
INSERT INTO `item_basic` VALUES(5967,'verboshroom','verboshroom',12,1536,0,1,0);
INSERT INTO `item_basic` VALUES(5968,'plate_of_seafood_paella','seafood_paella',1,1568,0,1,0);
INSERT INTO `item_basic` VALUES(5969,'plate_of_piscators_paella','piscators_paella',1,1568,0,1,0);
INSERT INTO `item_basic` VALUES(5970,'plate_of_mushroom_paella','mushroom_paella',1,1568,0,1,0);
INSERT INTO `item_basic` VALUES(5971,'plate_of_mushroom_paella_+1','mush._paella_+1',1,1568,0,1,0);
INSERT INTO `item_basic` VALUES(5972,'plate_of_beef_paella','beef_paella',1,1568,0,1,0);
INSERT INTO `item_basic` VALUES(5973,'plate_of_beef_paella_+1','beef_paella_+1',1,1568,0,1,0);
INSERT INTO `item_basic` VALUES(5974,'plate_of_barnacle_paella','barnacle_paella',1,1568,0,1,0);
INSERT INTO `item_basic` VALUES(5975,'plate_of_flapanos_paella','flapanos_paella',1,1568,0,1,0);
INSERT INTO `item_basic` VALUES(5976,'bowl_of_ulbuconut_milk','ulbuconut_milk',1,1568,0,1,0);
INSERT INTO `item_basic` VALUES(5977,'bowl_of_ulbuconut_milk_+1','ulbuconut_milk_+1',1,1568,0,1,0);
INSERT INTO `item_basic` VALUES(5978,'plate_of_felicifruit_gelatin','felicifruit_gelatin',1,1568,0,1,0);
INSERT INTO `item_basic` VALUES(5979,'plate_of_dulcet_panettones','dulcet_panettones',1,1568,0,1,0);
INSERT INTO `item_basic` VALUES(5980,'plate_of_boiled_barnacles','boiled_barnacles',12,1536,0,1,0);
INSERT INTO `item_basic` VALUES(5981,'plate_of_boiled_barnacles_+1','bld._barnacles_+1',12,1536,0,1,0);
INSERT INTO `item_basic` VALUES(5982,'senroh_skewer','senroh_skewer',12,1536,0,1,0);
INSERT INTO `item_basic` VALUES(5983,'piscators_skewer','piscators_skewer',12,1536,0,1,0);
INSERT INTO `item_basic` VALUES(5984,'branch_of_gnatbane','gnatbane',12,1536,0,1,0);
INSERT INTO `item_basic` VALUES(5985,'sprig_of_hemlock','hemlock',12,1536,0,1,0);
INSERT INTO `item_basic` VALUES(5986,'coalition_potion','coalition_potion',1,30288,0,1,0);
INSERT INTO `item_basic` VALUES(5987,'coalition_ether','coalition_ether',1,30288,0,1,0);
INSERT INTO `item_basic` VALUES(5988,'scroll_of_instant_protect','instant_protect',1,63056,0,1,0);
INSERT INTO `item_basic` VALUES(5989,'scroll_of_instant_shell','instant_shell',1,63056,0,1,0);
INSERT INTO `item_basic` VALUES(5990,'scroll_of_instant_stoneskin','instant_stoneskin',1,63056,0,1,0);
INSERT INTO `item_basic` VALUES(5991,'farewell_fly','farewell_fly',1,63040,0,1,0);
INSERT INTO `item_basic` VALUES(5992,'fenestral_key','fenestral_key',1,63040,0,1,0);
INSERT INTO `item_basic` VALUES(5993,'senroh_frog','senroh_frog',12,1536,0,1,0);
INSERT INTO `item_basic` VALUES(5995,'malicious_perch','malicious_perch',1,1536,0,1,0);
INSERT INTO `item_basic` VALUES(5997,'shen','shen',1,1536,0,1,0);
INSERT INTO `item_basic` VALUES(5998,'bowl_of_adoulin_soup','adoulin_soup',1,1568,0,1,0);
INSERT INTO `item_basic` VALUES(5999,'bowl_of_adoulin_soup_+1','adoulin_soup_+1',1,1568,0,1,0);
INSERT INTO `item_basic` VALUES(6001,'clotflagration','clotflagration',12,1536,0,1,0);
INSERT INTO `item_basic` VALUES(6002,'trailblazing_pickaxe','trbl._pickaxe',12,29776,0,1,0);
INSERT INTO `item_basic` VALUES(6004,'trailblazing_axe','trbl._axe',12,29776,0,1,0);
INSERT INTO `item_basic` VALUES(6006,'trailblazing_sickle','trbl._sickle',12,29776,0,1,0);
INSERT INTO `item_basic` VALUES(6008,'piece_of_copse_candy','copse_candy',12,30288,0,1,0);
INSERT INTO `item_basic` VALUES(6009,'bowl_of_mog_pudding','mog_pudding',12,1536,0,1,0);
INSERT INTO `item_basic` VALUES(6010,'sakura_biscuit','sakura_biscuit',99,1536,0,1,0);
INSERT INTO `item_basic` VALUES(6011,'celadon_yggrete_shard_i','c._ygg._shard_i',1,34304,0,1,0);
INSERT INTO `item_basic` VALUES(6012,'celadon_yggrete_shard_ii','c._ygg._shard_ii',1,34304,0,1,0);
INSERT INTO `item_basic` VALUES(6013,'celadon_yggrete_shard_iii','c._ygg._shard_iii',1,34304,0,1,0);
INSERT INTO `item_basic` VALUES(6014,'celadon_yggrete_shard_iv','c._ygg._shard_iv',1,34304,0,1,0);
INSERT INTO `item_basic` VALUES(6015,'celadon_yggrete_shard_v','c._ygg._shard_v',1,34304,0,1,0);
INSERT INTO `item_basic` VALUES(6016,'zaffre_yggrete_shard_i','z._ygg._shard_i',1,34304,0,1,0);
INSERT INTO `item_basic` VALUES(6017,'zaffre_yggrete_shard_ii','z._ygg._shard_ii',1,34304,0,1,0);
INSERT INTO `item_basic` VALUES(6018,'zaffre_yggrete_shard_iii','z._ygg._shard_iii',1,34304,0,1,0);
INSERT INTO `item_basic` VALUES(6019,'zaffre_yggrete_shard_iv','z._ygg._shard_iv',1,34304,0,1,0);
INSERT INTO `item_basic` VALUES(6020,'zaffre_yggrete_shard_v','z._ygg._shard_v',1,34304,0,1,0);
INSERT INTO `item_basic` VALUES(6021,'alizarin_yggrete_shard_i','a._ygg._shard_i',1,34304,0,1,0);
INSERT INTO `item_basic` VALUES(6022,'alizarin_yggrete_shard_ii','a._ygg._shard_ii',1,34304,0,1,0);
INSERT INTO `item_basic` VALUES(6023,'alizarin_yggrete_shard_iii','a._ygg._shard_iii',1,34304,0,1,0);
INSERT INTO `item_basic` VALUES(6024,'alizarin_yggrete_shard_iv','a._ygg._shard_iv',1,34304,0,1,0);
INSERT INTO `item_basic` VALUES(6025,'alizarin_yggrete_shard_v','a._ygg._shard_v',1,34304,0,1,0);
INSERT INTO `item_basic` VALUES(6026,'celadon_yggzi_bead_i','celadon_yggzi_i',1,34304,0,1,0);
INSERT INTO `item_basic` VALUES(6027,'celadon_yggzi_bead_ii','celadon_yggzi_ii',1,34304,0,1,0);
INSERT INTO `item_basic` VALUES(6028,'celadon_yggzi_bead_iii','celadon_yggzi_iii',1,34304,0,1,0);
INSERT INTO `item_basic` VALUES(6029,'celadon_yggzi_bead_iv','celadon_yggzi_iv',1,34304,0,1,0);
INSERT INTO `item_basic` VALUES(6030,'celadon_yggzi_bead_v','celadon_yggzi_v',1,34304,0,1,0);
INSERT INTO `item_basic` VALUES(6031,'zaffre_yggzi_bead_i','zaffre_yggzi_i',1,34304,0,1,0);
INSERT INTO `item_basic` VALUES(6032,'zaffre_yggzi_bead_ii','zaffre_yggzi_ii',1,34304,0,1,0);
INSERT INTO `item_basic` VALUES(6033,'zaffre_yggzi_bead_iii','zaffre_yggzi_iii',1,34304,0,1,0);
INSERT INTO `item_basic` VALUES(6034,'zaffre_yggzi_bead_iv','zaffre_yggzi_iv',1,34304,0,1,0);
INSERT INTO `item_basic` VALUES(6035,'zaffre_yggzi_bead_v','zaffre_yggzi_v',1,34304,0,1,0);
INSERT INTO `item_basic` VALUES(6036,'alizarin_yggzi_bead_i','alizarin_yggzi_i',1,34304,0,1,0);
INSERT INTO `item_basic` VALUES(6037,'alizarin_yggzi_bead_ii','alizarin_yggzi_ii',1,34304,0,1,0);
INSERT INTO `item_basic` VALUES(6038,'alizarin_yggzi_bead_iii','alizarin_yggzi_iii',1,34304,0,1,0);
INSERT INTO `item_basic` VALUES(6039,'alizarin_yggzi_bead_iv','alizarin_yggzi_iv',1,34304,0,1,0);
INSERT INTO `item_basic` VALUES(6040,'alizarin_yggzi_bead_v','alizarin_yggzi_v',1,34304,0,1,0);
INSERT INTO `item_basic` VALUES(6067,'ontic_extremity','ontic_extremity',1,63168,0,1,0);
INSERT INTO `item_basic` VALUES(6068,'slice_of_gabbrath_meat','gabbrath_meat',12,1536,0,1,0);
INSERT INTO `item_basic` VALUES(6069,'bowl_of_riverfin_soup','riverfin_soup',1,1568,0,1,0);
INSERT INTO `item_basic` VALUES(6070,'bowl_of_oceanfin_soup','oceanfin_soup',1,1568,0,1,0);
INSERT INTO `item_basic` VALUES(6071,'magma_steak','magma_steak',1,1568,0,1,0);
INSERT INTO `item_basic` VALUES(6072,'magma_steak_+1','magma_steak_+1',1,1568,0,1,0);
INSERT INTO `item_basic` VALUES(6073,'plate_of_indi-regen','indi-regen',1,34432,0,1,0);
INSERT INTO `item_basic` VALUES(6074,'plate_of_indi-poison','indi-poison',1,34432,0,1,0);
INSERT INTO `item_basic` VALUES(6075,'plate_of_indi-refresh','indi-refresh',1,34432,0,1,0);
INSERT INTO `item_basic` VALUES(6076,'plate_of_indi-str','indi-str',1,34432,0,1,0);
INSERT INTO `item_basic` VALUES(6077,'plate_of_indi-dex','indi-dex',1,34432,0,1,0);
INSERT INTO `item_basic` VALUES(6078,'plate_of_indi-vit','indi-vit',1,34432,0,1,0);
INSERT INTO `item_basic` VALUES(6079,'plate_of_indi-agi','indi-agi',1,34432,0,1,0);
INSERT INTO `item_basic` VALUES(6080,'plate_of_indi-int','indi-int',1,34432,0,1,0);
INSERT INTO `item_basic` VALUES(6081,'plate_of_indi-mnd','indi-mnd',1,34432,0,1,0);
INSERT INTO `item_basic` VALUES(6082,'plate_of_indi-chr','indi-chr',1,34432,0,1,0);
INSERT INTO `item_basic` VALUES(6083,'plate_of_indi-fury','indi-fury',1,34432,0,1,0);
INSERT INTO `item_basic` VALUES(6084,'plate_of_indi-barrier','indi-barrier',1,34432,0,1,0);
INSERT INTO `item_basic` VALUES(6085,'plate_of_indi-acumen','indi-acumen',1,34432,0,1,0);
INSERT INTO `item_basic` VALUES(6086,'plate_of_indi-fend','indi-fend',1,34432,0,1,0);
INSERT INTO `item_basic` VALUES(6087,'plate_of_indi-precision','indi-precision',1,34432,0,1,0);
INSERT INTO `item_basic` VALUES(6088,'plate_of_indi-voidance','indi-voidance',1,34432,0,1,0);
INSERT INTO `item_basic` VALUES(6089,'plate_of_indi-focus','indi-focus',1,34432,0,1,0);
INSERT INTO `item_basic` VALUES(6090,'plate_of_indi-attunement','indi-attunement',1,34432,0,1,0);
INSERT INTO `item_basic` VALUES(6091,'plate_of_indi-wilt','indi-wilt',1,34432,0,1,0);
INSERT INTO `item_basic` VALUES(6092,'plate_of_indi-frailty','indi-frailty',1,34432,0,1,0);
INSERT INTO `item_basic` VALUES(6093,'plate_of_indi-fade','indi-fade',1,34432,0,1,0);
INSERT INTO `item_basic` VALUES(6094,'plate_of_indi-malaise','indi-malaise',1,34432,0,1,0);
INSERT INTO `item_basic` VALUES(6095,'plate_of_indi-slip','indi-slip',1,34432,0,1,0);
INSERT INTO `item_basic` VALUES(6096,'plate_of_indi-torpor','indi-torpor',1,34432,0,1,0);
INSERT INTO `item_basic` VALUES(6097,'plate_of_indi-vex','indi-vex',1,34432,0,1,0);
INSERT INTO `item_basic` VALUES(6098,'plate_of_indi-languor','indi-languor',1,34432,0,1,0);
INSERT INTO `item_basic` VALUES(6099,'plate_of_indi-slow','indi-slow',1,34432,0,1,0);
INSERT INTO `item_basic` VALUES(6100,'plate_of_indi-paralysis','indi-paralysis',1,34432,0,1,0);
INSERT INTO `item_basic` VALUES(6101,'plate_of_indi-gravity','indi-gravity',1,34432,0,1,0);
INSERT INTO `item_basic` VALUES(6102,'geo-regen','geo-regen',1,34432,0,1,0);
INSERT INTO `item_basic` VALUES(6103,'geo-poison','geo-poison',1,34432,0,1,0);
INSERT INTO `item_basic` VALUES(6104,'geo-refresh','geo-refresh',1,34432,0,1,0);
INSERT INTO `item_basic` VALUES(6105,'geo-str','geo-str',1,34432,0,1,0);
INSERT INTO `item_basic` VALUES(6106,'geo-dex','geo-dex',1,34432,0,1,0);
INSERT INTO `item_basic` VALUES(6107,'geo-vit','geo-vit',1,34432,0,1,0);
INSERT INTO `item_basic` VALUES(6108,'geo-agi','geo-agi',1,34432,0,1,0);
INSERT INTO `item_basic` VALUES(6109,'geo-int','geo-int',1,34432,0,1,0);
INSERT INTO `item_basic` VALUES(6110,'geo-mnd','geo-mnd',1,34432,0,1,0);
INSERT INTO `item_basic` VALUES(6111,'geo-chr','geo-chr',1,34432,0,1,0);
INSERT INTO `item_basic` VALUES(6112,'geo-fury','geo-fury',1,34432,0,1,0);
INSERT INTO `item_basic` VALUES(6113,'geo-barrier','geo-barrier',1,34432,0,1,0);
INSERT INTO `item_basic` VALUES(6114,'geo-acumen','geo-acumen',1,34432,0,1,0);
INSERT INTO `item_basic` VALUES(6115,'geo-fend','geo-fend',1,34432,0,1,0);
INSERT INTO `item_basic` VALUES(6116,'geo-precision','geo-precision',1,34432,0,1,0);
INSERT INTO `item_basic` VALUES(6117,'geo-voidance','geo-voidance',1,34432,0,1,0);
INSERT INTO `item_basic` VALUES(6118,'geo-focus','geo-focus',1,34432,0,1,0);
INSERT INTO `item_basic` VALUES(6119,'geo-attunement','geo-attunement',1,34432,0,1,0);
INSERT INTO `item_basic` VALUES(6120,'geo-wilt','geo-wilt',1,34432,0,1,0);
INSERT INTO `item_basic` VALUES(6121,'geo-frailty','geo-frailty',1,34432,0,1,0);
INSERT INTO `item_basic` VALUES(6122,'geo-fade','geo-fade',1,34432,0,1,0);
INSERT INTO `item_basic` VALUES(6123,'geo-malaise','geo-malaise',1,34432,0,1,0);
INSERT INTO `item_basic` VALUES(6124,'geo-slip','geo-slip',1,34432,0,1,0);
INSERT INTO `item_basic` VALUES(6125,'geo-torpor','geo-torpor',1,34432,0,1,0);
INSERT INTO `item_basic` VALUES(6126,'geo-vex','geo-vex',1,34432,0,1,0);
INSERT INTO `item_basic` VALUES(6127,'geo-languor','geo-languor',1,34432,0,1,0);
INSERT INTO `item_basic` VALUES(6128,'geo-slow','geo-slow',1,34432,0,1,0);
INSERT INTO `item_basic` VALUES(6129,'geo-paralysis','geo-paralysis',1,34432,0,1,0);
INSERT INTO `item_basic` VALUES(6130,'geo-gravity','geo-gravity',1,34432,0,1,0);
INSERT INTO `item_basic` VALUES(8552,'barrier_module','barrier_module',1,0,0,1,0);
INSERT INTO `item_basic` VALUES(8616,'percolator','percolator',1,0,0,1,0);
INSERT INTO `item_basic` VALUES(8648,'vivi-valve','vivi-valve',1,0,0,1,0);
INSERT INTO `item_basic` VALUES(8680,'disruptor','disruptor',1,0,0,1,0);
INSERT INTO `item_basic` VALUES(10293,'chocobo_shirt','chocobo_shirt',1,64592,0,1,0);
INSERT INTO `item_basic` VALUES(10809,'moogle_guard','moogle_guard',1,63568,0,1,0);
INSERT INTO `item_basic` VALUES(10810,'moogle_guard_+1','moogle_guard_+1',1,64592,0,1,0);
INSERT INTO `item_basic` VALUES(10811,'chocobo_shield','chocobo_shield',1,63568,0,1,0);
INSERT INTO `item_basic` VALUES(10812,'chocobo_shield_+1','choco._shield_+1',1,64592,0,1,0);
INSERT INTO `item_basic` VALUES(18468,'bonanza_ball','bonanza_ball',99,30800,0,1,0);
INSERT INTO `item_basic` VALUES(18469,'pouch_of_moogle_moolah','moogle_moolah',1,64576,0,1,0);
INSERT INTO `item_basic` VALUES(20548,'oatixur','oatixur',1,63568,0,1,0);
INSERT INTO `item_basic` VALUES(20549,'rigor_baghnakhs','rigor_baghnakhs',1,63568,0,1,0);
INSERT INTO `item_basic` VALUES(20550,'vineslash_cesti','vineslash_cesti',1,63568,0,1,0);
INSERT INTO `item_basic` VALUES(20551,'akua_sainti','akua_sainti',1,2080,0,1,0);
INSERT INTO `item_basic` VALUES(20552,'akua_sainti_+1','akua_sainti_+1',1,2080,0,1,0);
INSERT INTO `item_basic` VALUES(20553,'ninzas','ninza',1,63552,0,1,0);
INSERT INTO `item_basic` VALUES(20554,'tlalpoloani','tlalpoloani',1,63568,0,1,0);
INSERT INTO `item_basic` VALUES(20636,'izhiikoh','izhiikoh',1,63568,0,1,0);
INSERT INTO `item_basic` VALUES(20637,'aphotic_kukri','aphotic_kukri',1,63568,0,1,0);
INSERT INTO `item_basic` VALUES(20638,'coalition_dirk','coalition_dirk',1,63568,0,1,0);
INSERT INTO `item_basic` VALUES(20639,'oxidant_baselard','oxidant_baselard',1,2080,0,1,0);
INSERT INTO `item_basic` VALUES(20640,'nitric_baselard','nitric_baselard',1,2080,0,1,0);
INSERT INTO `item_basic` VALUES(20641,'leisilonu','leisilonu',1,63552,0,1,0);
INSERT INTO `item_basic` VALUES(20642,'tzustes_knife_+1','tzustes_knife_+1',1,2080,0,1,0);
INSERT INTO `item_basic` VALUES(20643,'macoquetza','macoquetza',1,63568,0,1,0);
INSERT INTO `item_basic` VALUES(20644,'tzustes_knife','tzustes_knife',1,2080,0,1,0);
INSERT INTO `item_basic` VALUES(20738,'buramenkah','buramenkah',1,63568,0,1,0);
INSERT INTO `item_basic` VALUES(20739,'halachuinic_sword','halachuinic_sword',1,63568,0,1,0);
INSERT INTO `item_basic` VALUES(20740,'camatlatia','camatlatia',1,63568,0,1,0);
INSERT INTO `item_basic` VALUES(20741,'coalition_blade','coalition_blade',1,63568,0,1,0);
INSERT INTO `item_basic` VALUES(20742,'iztaasu','iztaasu',1,63552,0,1,0);
INSERT INTO `item_basic` VALUES(20743,'bihkah_sword_+1','bihkah_sword_+1',1,2080,0,1,0);
INSERT INTO `item_basic` VALUES(20744,'bihkah_sword','bihkah_sword',1,2080,0,1,0);
INSERT INTO `item_basic` VALUES(20778,'bereaver','bereaver',1,63568,0,1,0);
INSERT INTO `item_basic` VALUES(20779,'senbaak_nagan','senbaak_nagan',1,2080,0,1,0);
INSERT INTO `item_basic` VALUES(20780,'senbaak_nagan_+1','senbaak_nagan_+1',1,2080,0,1,0);
INSERT INTO `item_basic` VALUES(20781,'sowilo_claymore','sowilo_claymore',1,63568,0,1,0);
INSERT INTO `item_basic` VALUES(20782,'coalition_sword','coalition_sword',1,63568,0,1,0);
INSERT INTO `item_basic` VALUES(20783,'uruz_blade','uruz_blade',1,2080,0,1,0);
INSERT INTO `item_basic` VALUES(20784,'uruz_blade_+1','uruz_blade_+1',1,2080,0,1,0);
INSERT INTO `item_basic` VALUES(20785,'thurisaz_blade','thurisaz_blade',1,2080,0,1,0);
INSERT INTO `item_basic` VALUES(20786,'thurisaz_blade_+1','thurisaz_blade_+1',1,2080,0,1,0);
INSERT INTO `item_basic` VALUES(20787,'crobaci','crobaci',1,63552,0,1,0);
INSERT INTO `item_basic` VALUES(20788,'hatzoaar_sword_+1','hatzoaar_sword_+1',1,2080,0,1,0);
INSERT INTO `item_basic` VALUES(20789,'hatzoaar_sword','hatzoaar_sword',1,2080,0,1,0);
INSERT INTO `item_basic` VALUES(20827,'kerehcatl','kerehcatl',1,63568,0,1,0);
INSERT INTO `item_basic` VALUES(20828,'brethren_axe','brethren_axe',1,63568,0,1,0);
INSERT INTO `item_basic` VALUES(20829,'icoyoca','icoyoca',1,63568,0,1,0);
INSERT INTO `item_basic` VALUES(20830,'coalition_axe','coalition_axe',1,63568,0,1,0);
INSERT INTO `item_basic` VALUES(20831,'aalak_axe','aalak_axe',1,2080,0,1,0);
INSERT INTO `item_basic` VALUES(20832,'aalak_axe_+1','aalak_axe_+1',1,2080,0,1,0);
INSERT INTO `item_basic` VALUES(20833,'faizzeer','faizzeer',1,63552,0,1,0);
INSERT INTO `item_basic` VALUES(20873,'bloodbath_axe','bloodbath_axe',1,63568,0,1,0);
INSERT INTO `item_basic` VALUES(20874,'razorfury','razorfury',1,2080,0,1,0);
INSERT INTO `item_basic` VALUES(20875,'razorfury_+1','razorfury_+1',1,2080,0,1,0);
INSERT INTO `item_basic` VALUES(20876,'trunkcleaver','trunkcleaver',1,63568,0,1,0);
INSERT INTO `item_basic` VALUES(20877,'iclamar','iclamar',1,63552,0,1,0);
INSERT INTO `item_basic` VALUES(20878,'nohkux_axe','nohkux_axe',1,2080,0,1,0);
INSERT INTO `item_basic` VALUES(20879,'nohkux_axe_+1','nohkux_axe_+1',1,2080,0,1,0);
INSERT INTO `item_basic` VALUES(20918,'dimmet_scythe','dimmet_scythe',1,63568,0,1,0);
INSERT INTO `item_basic` VALUES(20919,'lacryma_sickle','lacryma_sickle',1,2080,0,1,0);
INSERT INTO `item_basic` VALUES(20920,'lacryma_sickle_+1','lacryma_sickle_+1',1,2080,0,1,0);
INSERT INTO `item_basic` VALUES(20921,'fieldrazer_scythe','fieldrazer_scythe',1,63568,0,1,0);
INSERT INTO `item_basic` VALUES(20922,'aakab_scythe','aakab_scythe',1,2080,0,1,0);
INSERT INTO `item_basic` VALUES(20923,'aakab_scythe_+1','aakab_scythe_+1',1,2080,0,1,0);
INSERT INTO `item_basic` VALUES(20924,'iizamal','iizamal',1,63552,0,1,0);
INSERT INTO `item_basic` VALUES(20963,'upukirex','upukirex',1,63568,0,1,0);
INSERT INTO `item_basic` VALUES(20964,'ophidian_trident','ophidian_trident',1,63568,0,1,0);
INSERT INTO `item_basic` VALUES(20965,'tlamini','tlamini',1,63568,0,1,0);
INSERT INTO `item_basic` VALUES(20966,'coalition_lance','coalition_lance',1,63568,0,1,0);
INSERT INTO `item_basic` VALUES(20967,'qatsunoci','qatsunoci',1,63552,0,1,0);
INSERT INTO `item_basic` VALUES(20968,'chanar_xyston_+1','chanar_xyston_+1',1,2080,0,1,0);
INSERT INTO `item_basic` VALUES(20969,'chanar_xyston','chanar_xyston',1,2080,0,1,0);
INSERT INTO `item_basic` VALUES(21005,'kiji','kiji',1,63568,0,1,0);
INSERT INTO `item_basic` VALUES(21006,'pamun','pamun',1,2080,0,1,0);
INSERT INTO `item_basic` VALUES(21007,'pamun_+1','pamun_+1',1,2080,0,1,0);
INSERT INTO `item_basic` VALUES(21008,'kotekirigo','kotekirigo',1,63568,0,1,0);
INSERT INTO `item_basic` VALUES(21009,'nakajimarai','nakajimarai',1,2080,0,1,0);
INSERT INTO `item_basic` VALUES(21010,'nakajimarai_+1','nakajimarai_+1',1,2080,0,1,0);
INSERT INTO `item_basic` VALUES(21011,'enju','enju',1,2080,0,1,0);
INSERT INTO `item_basic` VALUES(21012,'enju_+1','enju_+1',1,2080,0,1,0);
INSERT INTO `item_basic` VALUES(21013,'kannakiri','kannakiri',1,63552,0,1,0);
INSERT INTO `item_basic` VALUES(21052,'tsurumaru','tsurumaru',1,63568,0,1,0);
INSERT INTO `item_basic` VALUES(21053,'uguisumaru','uguisumaru',1,63568,0,1,0);
INSERT INTO `item_basic` VALUES(21054,'suijingiri_kanemitsu','suijingiri_km',1,63568,0,1,0);
INSERT INTO `item_basic` VALUES(21055,'kashiwadachi','kashiwadachi',1,63568,0,1,0);
INSERT INTO `item_basic` VALUES(21056,'tomonari','tomonari',1,2080,0,1,0);
INSERT INTO `item_basic` VALUES(21057,'tomonari_+1','tomonari_+1',1,2080,0,1,0);
INSERT INTO `item_basic` VALUES(21058,'shichishito','shichishito',1,63552,0,1,0);
INSERT INTO `item_basic` VALUES(21128,'mondaha_cudgel','mondaha_cudgel',1,63568,0,1,0);
INSERT INTO `item_basic` VALUES(21129,'sharur','sharur',1,2080,0,1,0);
INSERT INTO `item_basic` VALUES(21130,'sharur_+1','sharur_+1',1,2080,0,1,0);
INSERT INTO `item_basic` VALUES(21131,'coalition_rod','coalition_rod',1,63568,0,1,0);
INSERT INTO `item_basic` VALUES(21132,'aedold','aedold',1,63552,0,1,0);
INSERT INTO `item_basic` VALUES(21133,'sasah_wand_+1','sasah_wand_+1',1,2080,0,1,0);
INSERT INTO `item_basic` VALUES(21134,'sasah_wand','sasah_wand',1,2080,0,1,0);
INSERT INTO `item_basic` VALUES(21198,'soothsayer_staff','soothsayer_staff',1,63568,0,1,0);
INSERT INTO `item_basic` VALUES(21199,'yaskomos_pole','yaskomos_pole',1,63568,0,1,0);
INSERT INTO `item_basic` VALUES(21200,'atinian_staff','atinian_staff',1,2080,0,1,0);
INSERT INTO `item_basic` VALUES(21201,'atinian_staff_+1','atinian_staff_+1',1,2080,0,1,0);
INSERT INTO `item_basic` VALUES(21202,'balsam_staff','balsam_staff',1,2080,0,1,0);
INSERT INTO `item_basic` VALUES(21203,'astralwatcher','astralwatcher',1,2080,0,1,0);
INSERT INTO `item_basic` VALUES(21204,'sortilevel_staff','sortilevel_staff',1,63568,0,1,0);
INSERT INTO `item_basic` VALUES(21205,'avitap_pole','avitap_pole',1,63568,0,1,0);
INSERT INTO `item_basic` VALUES(21206,'hemolele_staff','hemolele_staff',1,2080,0,1,0);
INSERT INTO `item_basic` VALUES(21207,'hemolele_staff_+1','hemolele_staff_+1',1,2080,0,1,0);
INSERT INTO `item_basic` VALUES(21208,'lehbrailg','lehbrailg',1,63552,0,1,0);
INSERT INTO `item_basic` VALUES(21209,'uffrat','uffrat',1,63552,0,1,0);
INSERT INTO `item_basic` VALUES(21238,'speleogen_bow','speleogen_bow',1,63568,0,1,0);
INSERT INTO `item_basic` VALUES(21239,'echidnas_bow','echidnas_bow',1,2080,0,1,0);
INSERT INTO `item_basic` VALUES(21240,'echidnas_bow_+1','echidnas_bow_+1',1,2080,0,1,0);
INSERT INTO `item_basic` VALUES(21241,'coalition_bow','coalition_bow',1,63568,0,1,0);
INSERT INTO `item_basic` VALUES(21242,'bocluamni','bocluamni',1,63552,0,1,0);
INSERT INTO `item_basic` VALUES(21243,'ahkormaar_bow','ahkormaar_bow',1,2080,0,1,0);
INSERT INTO `item_basic` VALUES(21244,'ahkormaar_bow_+1','ahkormaar_bow_+1',1,2080,0,1,0);
INSERT INTO `item_basic` VALUES(21256,'illapa','illapa',1,63568,0,1,0);
INSERT INTO `item_basic` VALUES(21257,'zoquittihuitz','zoquittihuitz',1,63568,0,1,0);
INSERT INTO `item_basic` VALUES(21258,'malayo_crossbow','malayo_crossbow',1,2080,0,1,0);
INSERT INTO `item_basic` VALUES(21259,'malayo_crossbow_+1','malayo_crossbow_+1',1,2080,0,1,0);
INSERT INTO `item_basic` VALUES(21288,'surefire_arquebus','surefire_arquebus',1,63568,0,1,0);
INSERT INTO `item_basic` VALUES(21289,'donderbuss','donderbuss',1,2080,0,1,0);
INSERT INTO `item_basic` VALUES(21290,'donderbuss_+1','donderbuss_+1',1,2080,0,1,0);
INSERT INTO `item_basic` VALUES(21291,'shadeshot_gun','shadeshot_gun',1,63568,0,1,0);
INSERT INTO `item_basic` VALUES(21292,'bandeiras_gun','bandeiras_gun',1,2080,0,1,0);
INSERT INTO `item_basic` VALUES(21293,'bandeiras_gun_+1','bandeiras_gun_+1',1,2080,0,1,0);
INSERT INTO `item_basic` VALUES(21294,'hgafircian','hgafircian',1,63552,0,1,0);
INSERT INTO `item_basic` VALUES(21308,'mantid_arrow','mantid_arrow',99,2048,0,1,0);
INSERT INTO `item_basic` VALUES(21309,'chapuli_arrow','chapuli_arrow',99,2048,0,1,0);
INSERT INTO `item_basic` VALUES(21322,'damascus_bolt','damascus_bolt',99,2048,0,1,0);
INSERT INTO `item_basic` VALUES(21323,'oxidant_bolt','oxidant_bolt',99,2048,0,1,0);
INSERT INTO `item_basic` VALUES(21324,'midrium_bolt','midrium_bolt',99,2048,0,1,0);
INSERT INTO `item_basic` VALUES(21338,'damascus_bullet','damascus_bullet',99,2048,0,1,0);
INSERT INTO `item_basic` VALUES(21339,'midrium_bullet','midrium_bullet',99,2048,0,1,0);
INSERT INTO `item_basic` VALUES(21389,'honed_tathlum','honed_tathlum',1,63568,0,1,0);
INSERT INTO `item_basic` VALUES(21429,'mephitis_grip','mephitis_grip',1,63568,0,1,0);
INSERT INTO `item_basic` VALUES(21455,'alternator','alternator',1,63568,0,1,0);
INSERT INTO `item_basic` VALUES(21460,'matre_bell','matre_bell',1,63568,0,1,0);
INSERT INTO `item_basic` VALUES(27648,'ares_mask_+1','ares_mask_+1',1,63568,0,1,0);
INSERT INTO `item_basic` VALUES(27649,'skadis_visor_+1','skadis_visor_+1',1,63568,0,1,0);
INSERT INTO `item_basic` VALUES(27650,'usukane_somen_+1','usk._somen_+1',1,63568,0,1,0);
INSERT INTO `item_basic` VALUES(27651,'marduks_tiara_+1','marduks_tiara_+1',1,63568,0,1,0);
INSERT INTO `item_basic` VALUES(27652,'morrigans_coronal_+1','mor._coronal_+1',1,63568,0,1,0);
INSERT INTO `item_basic` VALUES(27653,'kers_mask','kers_mask',1,63568,0,1,0);
INSERT INTO `item_basic` VALUES(27654,'sigyns_visor','sigyns_visor',1,63568,0,1,0);
INSERT INTO `item_basic` VALUES(27655,'omodaka_somen','omodaka_somen',1,63568,0,1,0);
INSERT INTO `item_basic` VALUES(27656,'nabus_tiara','nabus_tiara',1,63568,0,1,0);
INSERT INTO `item_basic` VALUES(27657,'feas_coronal','feas_coronal',1,63568,0,1,0);
INSERT INTO `item_basic` VALUES(27658,'ates_mask','ates_mask',1,63568,0,1,0);
INSERT INTO `item_basic` VALUES(27659,'idis_mask','idis_mask',1,63568,0,1,0);
INSERT INTO `item_basic` VALUES(27660,'genta_kabuto','genta_kabuto',1,63568,0,1,0);
INSERT INTO `item_basic` VALUES(27661,'namrus_tiara','namrus_tiara',1,63568,0,1,0);
INSERT INTO `item_basic` VALUES(27662,'neits_crown','neits_crown',1,63568,0,1,0);
INSERT INTO `item_basic` VALUES(27773,'yaoyotl_helm','yaoyotl_helm',1,63568,0,1,0);
INSERT INTO `item_basic` VALUES(27774,'whirlpool_mask','whirlpool_mask',1,63568,0,1,0);
INSERT INTO `item_basic` VALUES(27775,'nahtirah_hat','nahtirah_hat',1,63568,0,1,0);
INSERT INTO `item_basic` VALUES(27776,'mikinaak_helm','mikinaak_helm',1,63568,0,1,0);
INSERT INTO `item_basic` VALUES(27777,'manibozho_beret','manibozho_beret',1,63568,0,1,0);
INSERT INTO `item_basic` VALUES(27778,'bokwus_circlet','bokwus_circlet',1,63568,0,1,0);
INSERT INTO `item_basic` VALUES(27779,'quauhpilli_helm','quauhpilli_helm',1,63568,0,1,0);
INSERT INTO `item_basic` VALUES(27780,'chocaliztli_mask','chocaliztli_mask',1,63568,0,1,0);
INSERT INTO `item_basic` VALUES(27781,'xux_hat','xux_hat',1,63568,0,1,0);
INSERT INTO `item_basic` VALUES(27782,'orvail_corona','orvail_corona',1,63552,0,1,0);
INSERT INTO `item_basic` VALUES(27784,'thurandaut_chapeau','thurandaut_chapeau',1,63552,0,1,0);
INSERT INTO `item_basic` VALUES(27785,'karieyh_morion','karieyh_morion',1,63552,0,1,0);
INSERT INTO `item_basic` VALUES(27788,'ares_cuirass_+1','ares_cuirass_+1',1,63568,0,1,0);
INSERT INTO `item_basic` VALUES(27789,'skadis_cuirie_+1','skadis_cuirie_+1',1,63568,0,1,0);
INSERT INTO `item_basic` VALUES(27790,'usukane_haramaki_+1','usk._haramaki_+1',1,63568,0,1,0);
INSERT INTO `item_basic` VALUES(27791,'marduks_jubbah_+1','marduks_jubbah_+1',1,63568,0,1,0);
INSERT INTO `item_basic` VALUES(27792,'morrigans_robe_+1','morrigans_robe_+1',1,63568,0,1,0);
INSERT INTO `item_basic` VALUES(27793,'kers_cuirass','kers_cuirass',1,63568,0,1,0);
INSERT INTO `item_basic` VALUES(27794,'sigyns_cuirie','sigyns_cuirie',1,63568,0,1,0);
INSERT INTO `item_basic` VALUES(27795,'omodaka_haramaki','omodaka_haramaki',1,63568,0,1,0);
INSERT INTO `item_basic` VALUES(27796,'nabus_jubbah','nabus_jubbah',1,63568,0,1,0);
INSERT INTO `item_basic` VALUES(27797,'feas_robe','feas_robe',1,63568,0,1,0);
INSERT INTO `item_basic` VALUES(27798,'ates_cuirass','ates_cuirass',1,63568,0,1,0);
INSERT INTO `item_basic` VALUES(27799,'idis_jerkin','idis_jerkin',1,63568,0,1,0);
INSERT INTO `item_basic` VALUES(27800,'genta_hara-ate','genta_hara-ate',1,63568,0,1,0);
INSERT INTO `item_basic` VALUES(27801,'namrus_jubbah','namrus_jubbah',1,63568,0,1,0);
INSERT INTO `item_basic` VALUES(27802,'neits_coat','neits_coat',1,63568,0,1,0);
INSERT INTO `item_basic` VALUES(27917,'mikinaak_breastplate','miki._breastplate',1,63568,0,1,0);
INSERT INTO `item_basic` VALUES(27918,'manibozho_jerkin','manibozho_jerkin',1,63568,0,1,0);
INSERT INTO `item_basic` VALUES(27919,'bokwus_robe','bokwus_robe',1,63568,0,1,0);
INSERT INTO `item_basic` VALUES(27920,'pak_corselet','pak_corselet',1,2080,0,1,0);
INSERT INTO `item_basic` VALUES(27921,'pak_corselet_+1','pak_corselet_+1',1,2080,0,1,0);
INSERT INTO `item_basic` VALUES(27924,'thurandaut_tabard','thurandaut_tabard',1,63552,0,1,0);
INSERT INTO `item_basic` VALUES(27925,'karieyh_haubert','karieyh_haubert',1,63552,0,1,0);
INSERT INTO `item_basic` VALUES(27928,'ares_gauntlets_+1','ares_gauntlets_+1',1,63568,0,1,0);
INSERT INTO `item_basic` VALUES(27929,'skadis_bazubands_+1','skd._bazubands_+1',1,63568,0,1,0);
INSERT INTO `item_basic` VALUES(27930,'usukane_gote_+1','usk._gote_+1',1,63568,0,1,0);
INSERT INTO `item_basic` VALUES(27931,'marduks_dastanas_+1','mdk._dastanas_+1',1,63568,0,1,0);
INSERT INTO `item_basic` VALUES(27932,'morrigans_cuffs_+1','morrigans_cuffs_+1',1,63568,0,1,0);
INSERT INTO `item_basic` VALUES(27933,'kers_gauntlets','kers_gauntlets',1,63568,0,1,0);
INSERT INTO `item_basic` VALUES(27934,'sigyns_bazubands','sigyns_bazubands',1,63568,0,1,0);
INSERT INTO `item_basic` VALUES(27935,'omodaka_gote','omodaka_gote',1,63568,0,1,0);
INSERT INTO `item_basic` VALUES(27936,'nabus_dastanas','nabus_dastanas',1,63568,0,1,0);
INSERT INTO `item_basic` VALUES(27937,'feas_cuffs','feas_cuffs',1,63568,0,1,0);
INSERT INTO `item_basic` VALUES(27938,'ates_gauntlets','ates_gauntlets',1,63568,0,1,0);
INSERT INTO `item_basic` VALUES(27939,'idis_gloves','idis_gloves',1,63568,0,1,0);
INSERT INTO `item_basic` VALUES(27940,'genta_gote','genta_gote',1,63568,0,1,0);
INSERT INTO `item_basic` VALUES(27941,'namrus_dastanas','namrus_dastanas',1,63568,0,1,0);
INSERT INTO `item_basic` VALUES(27942,'neits_cuffs','neits_cuffs',1,63568,0,1,0);
INSERT INTO `item_basic` VALUES(28056,'yaoyotl_gloves','yaoyotl_gloves',1,63568,0,1,0);
INSERT INTO `item_basic` VALUES(28057,'mikinaak_gauntlets','miki._gauntlets',1,63568,0,1,0);
INSERT INTO `item_basic` VALUES(28058,'manibozho_gloves','manibozho_gloves',1,63568,0,1,0);
INSERT INTO `item_basic` VALUES(28059,'bokwus_gloves','bokwus_gloves',1,63568,0,1,0);
INSERT INTO `item_basic` VALUES(28060,'treefeller_gloves','treefeller_gloves',1,63568,0,1,0);
INSERT INTO `item_basic` VALUES(28061,'orvail_cuffs','orvail_cuffs',1,63552,0,1,0);
INSERT INTO `item_basic` VALUES(28062,'quauhpilli_gloves','quauhpilli_gloves',1,63568,0,1,0);
INSERT INTO `item_basic` VALUES(28064,'thurandaut_gloves','thurandaut_gloves',1,63552,0,1,0);
INSERT INTO `item_basic` VALUES(28065,'karieyh_moufles','karieyh_moufles',1,63552,0,1,0);
INSERT INTO `item_basic` VALUES(28068,'abatteur_subligar','abatteur_subligar',1,63568,0,1,0);
INSERT INTO `item_basic` VALUES(28069,'pungas_slops','pungas_slops',1,63568,0,1,0);
INSERT INTO `item_basic` VALUES(28070,'briscard_cuisses','briscard_cuisses',1,63568,0,1,0);
INSERT INTO `item_basic` VALUES(28071,'ares_flanchard_+1','ares_flanchard_+1',1,63568,0,1,0);
INSERT INTO `item_basic` VALUES(28072,'skadis_chausses_+1','skd._chausses_+1',1,63568,0,1,0);
INSERT INTO `item_basic` VALUES(28073,'usukane_hizayoroi_+1','usk._hizayoroi_+1',1,63568,0,1,0);
INSERT INTO `item_basic` VALUES(28074,'marduks_shalwar_+1','mdk._shalwar_+1',1,63568,0,1,0);
INSERT INTO `item_basic` VALUES(28075,'morrigans_slops_+1','morrigans_slops_+1',1,63568,0,1,0);
INSERT INTO `item_basic` VALUES(28076,'kers_flanchard','kers_flanchard',1,63568,0,1,0);
INSERT INTO `item_basic` VALUES(28077,'sigyns_chausses','sigyns_chausses',1,63568,0,1,0);
INSERT INTO `item_basic` VALUES(28078,'omodaka_hizayoroi','omo._hizayoroi',1,63568,0,1,0);
INSERT INTO `item_basic` VALUES(28079,'nabus_shalwar','nabus_shalwar',1,63568,0,1,0);
INSERT INTO `item_basic` VALUES(28080,'feas_slops','feas_slops',1,63568,0,1,0);
INSERT INTO `item_basic` VALUES(28081,'ates_flanchard','ates_flanchard',1,63568,0,1,0);
INSERT INTO `item_basic` VALUES(28082,'idis_trousers','idis_trousers',1,63568,0,1,0);
INSERT INTO `item_basic` VALUES(28083,'genta-no-hakama','genta-no-hakama',1,63568,0,1,0);
INSERT INTO `item_basic` VALUES(28084,'namrus_shalwar','namrus_shalwar',1,63568,0,1,0);
INSERT INTO `item_basic` VALUES(28085,'neits_slops','neits_slops',1,63568,0,1,0);
INSERT INTO `item_basic` VALUES(28197,'nahtirah_trousers','nahtirah_trousers',1,63568,0,1,0);
INSERT INTO `item_basic` VALUES(28198,'mikinaak_cuisses','miki._cuisses',1,63568,0,1,0);
INSERT INTO `item_basic` VALUES(28199,'manibozho_brais','manibozho_brais',1,63568,0,1,0);
INSERT INTO `item_basic` VALUES(28200,'bokwus_slops','bokwus_slops',1,63568,0,1,0);
INSERT INTO `item_basic` VALUES(28201,'xux_trousers','xux_trousers',1,63568,0,1,0);
INSERT INTO `item_basic` VALUES(28202,'dredger_hose','dredger_hose',1,63568,0,1,0);
INSERT INTO `item_basic` VALUES(28203,'orvail_pants','orvail_pants',1,63552,0,1,0);
INSERT INTO `item_basic` VALUES(28204,'thurandaut_tights','thurandaut_tights',1,63552,0,1,0);
INSERT INTO `item_basic` VALUES(28205,'karieyh_brayettes','karieyh_brayettes',1,63552,0,1,0);
INSERT INTO `item_basic` VALUES(28208,'ares_sollerets_+1','ares_sollerets_+1',1,63568,0,1,0);
INSERT INTO `item_basic` VALUES(28209,'skadis_jambeaux_+1','skd._jambeaux_+1',1,63568,0,1,0);
INSERT INTO `item_basic` VALUES(28210,'usukane_sune-ate_+1','usk._sune-ate_+1',1,63568,0,1,0);
INSERT INTO `item_basic` VALUES(28211,'marduks_crackows_+1','mdk._crackows_+1',1,63568,0,1,0);
INSERT INTO `item_basic` VALUES(28212,'morrigans_pigaches_+1','morrigans_pgch._+1',1,63568,0,1,0);
INSERT INTO `item_basic` VALUES(28213,'kers_sollerets','kers_sollerets',1,63568,0,1,0);
INSERT INTO `item_basic` VALUES(28214,'sigyns_jambeaux','sigyns_jambeaux',1,63568,0,1,0);
INSERT INTO `item_basic` VALUES(28215,'omodaka_sune-ate','omo._sune-ate',1,63568,0,1,0);
INSERT INTO `item_basic` VALUES(28216,'nabus_crackows','nabus_crackows',1,63568,0,1,0);
INSERT INTO `item_basic` VALUES(28217,'feas_pigaches','feas_pigaches',1,63568,0,1,0);
INSERT INTO `item_basic` VALUES(28218,'ates_sollerets','ates_sollerets',1,63568,0,1,0);
INSERT INTO `item_basic` VALUES(28219,'idis_ledelsens','idis_ledelsens',1,63568,0,1,0);
INSERT INTO `item_basic` VALUES(28220,'genta_sune-ate','genta_sune-ate',1,63568,0,1,0);
INSERT INTO `item_basic` VALUES(28221,'namrus_crackows','namrus_crackows',1,63568,0,1,0);
INSERT INTO `item_basic` VALUES(28222,'neits_pigaches','neits_pigaches',1,63568,0,1,0);
INSERT INTO `item_basic` VALUES(28337,'whirlpool_greaves','whirlpool_greaves',1,63568,0,1,0);
INSERT INTO `item_basic` VALUES(28338,'mikinaak_greaves','mikinaak_greaves',1,63568,0,1,0);
INSERT INTO `item_basic` VALUES(28339,'manibozho_boots','manibozho_boots',1,63568,0,1,0);
INSERT INTO `item_basic` VALUES(28340,'bokwus_boots','bokwus_boots',1,63568,0,1,0);
INSERT INTO `item_basic` VALUES(28341,'agrarian_boots','agrarian_boots',1,63568,0,1,0);
INSERT INTO `item_basic` VALUES(28342,'orvail_souliers','orvail_souliers',1,63552,0,1,0);
INSERT INTO `item_basic` VALUES(28343,'chocaliztli_boots','chocaliztli_boots',1,63568,0,1,0);
INSERT INTO `item_basic` VALUES(28344,'thurandaut_boots','thurandaut_boots',1,63552,0,1,0);
INSERT INTO `item_basic` VALUES(28345,'karieyh_sollerets','karieyh_sollerets',1,63552,0,1,0);
INSERT INTO `item_basic` VALUES(28401,'eddy_necklace','eddy_necklace',1,63568,0,1,0);
INSERT INTO `item_basic` VALUES(28402,'asperity_necklace','asperity_necklace',1,63568,0,1,0);
INSERT INTO `item_basic` VALUES(28403,'inquisitor_bead_necklace','inq._bead_necklace',1,63568,0,1,0);
INSERT INTO `item_basic` VALUES(28404,'ej_necklace','ej_necklace',1,2080,0,1,0);
INSERT INTO `item_basic` VALUES(28405,'ej_necklace_+1','ej_necklace_+1',1,2080,0,1,0);
INSERT INTO `item_basic` VALUES(28406,'nuna_gorget','nuna_gorget',1,2080,0,1,0);
INSERT INTO `item_basic` VALUES(28407,'nuna_gorget_+1','nuna_gorget_+1',1,2080,0,1,0);
INSERT INTO `item_basic` VALUES(28462,'hurchlan_sash','hurchlan_sash',1,63568,0,1,0);
INSERT INTO `item_basic` VALUES(28463,'zorans_belt','zorans_belt',1,63568,0,1,0);
INSERT INTO `item_basic` VALUES(28464,'pyaekue_belt','pyaekue_belt',1,2080,0,1,0);
INSERT INTO `item_basic` VALUES(28465,'pyaekue_belt_+1','pyaekue_belt_+1',1,2080,0,1,0);
INSERT INTO `item_basic` VALUES(28466,'dynamic_belt','dynamic_belt',1,2080,0,1,0);
INSERT INTO `item_basic` VALUES(28467,'dynamic_belt_+1','dynamic_belt_+1',1,2080,0,1,0);
INSERT INTO `item_basic` VALUES(28468,'matanki_earring','matanki_earring',1,63568,0,1,0);
INSERT INTO `item_basic` VALUES(28520,'steelflash_earring','steelflash_earring',1,63568,0,1,0);
INSERT INTO `item_basic` VALUES(28521,'bladeborn_earring','bladeborn_earring',1,63568,0,1,0);
INSERT INTO `item_basic` VALUES(28522,'dudgeon_earring','dudgeon_earring',1,63568,0,1,0);
INSERT INTO `item_basic` VALUES(28523,'heartseeker_earring','heartseeker_earring',1,63568,0,1,0);
INSERT INTO `item_basic` VALUES(28524,'lifestorm_earring','lifestorm_earring',1,63568,0,1,0);
INSERT INTO `item_basic` VALUES(28525,'psystorm_earring','psystorm_earring',1,63568,0,1,0);
INSERT INTO `item_basic` VALUES(28526,'tati_earring','tati_earring',1,2080,0,1,0);
INSERT INTO `item_basic` VALUES(28527,'tati_earring_+1','tati_earring_+1',1,2080,0,1,0);
INSERT INTO `item_basic` VALUES(28528,'undecennial_ring','undecennial_ring',1,64576,0,1,0);
INSERT INTO `item_basic` VALUES(28530,'dumakulems_ring','dumakulems_ring',1,34816,0,1,0);
INSERT INTO `item_basic` VALUES(28531,'milvus_ring','milvus_ring',1,34816,0,1,0);
INSERT INTO `item_basic` VALUES(28532,'candent_ring','candent_ring',1,63568,0,1,0);
INSERT INTO `item_basic` VALUES(28579,'kayres_ring','kayres_ring',1,63568,0,1,0);
INSERT INTO `item_basic` VALUES(28580,'sangoma_ring','sangoma_ring',1,63568,0,1,0);
INSERT INTO `item_basic` VALUES(28581,'beeline_ring','beeline_ring',1,63568,0,1,0);
INSERT INTO `item_basic` VALUES(28582,'locus_ring','locus_ring',1,63568,0,1,0);
INSERT INTO `item_basic` VALUES(28583,'vexer_ring','vexer_ring',1,2080,0,1,0);
INSERT INTO `item_basic` VALUES(28584,'vexer_ring_+1','vexer_ring_+1',1,2080,0,1,0);
INSERT INTO `item_basic` VALUES(28585,'craftkeepers_ring','craftkeepers_ring',1,63568,0,1,0);
INSERT INTO `item_basic` VALUES(28586,'craftmasters_ring','craftmasters_ring',1,63568,0,1,0);
INSERT INTO `item_basic` VALUES(28587,'artificers_ring','artificers_ring',1,63568,0,1,0);
INSERT INTO `item_basic` VALUES(28641,'vespid_mantle','vespid_mantle',1,63568,0,1,0);
INSERT INTO `item_basic` VALUES(28642,'contrivers_cape','contrivers_cape',1,63568,0,1,0);
INSERT INTO `item_basic` VALUES(28643,'refraction_cape','refraction_cape',1,63568,0,1,0);
INSERT INTO `item_basic` VALUES(28644,'ogapepo_cape','ogapepo_cape',1,2080,0,1,0);
INSERT INTO `item_basic` VALUES(28645,'ogapepo_cape_+1','ogapepo_cape_+1',1,2080,0,1,0);
INSERT INTO `item_basic` VALUES(28646,'radical_mantle','radical_mantle',1,2080,0,1,0);
INSERT INTO `item_basic` VALUES(28647,'radical_mantle_+1','radical_mantle_+1',1,2080,0,1,0);
INSERT INTO `item_basic` VALUES(28663,'steadfast_shield','steadfast_shield',1,63568,0,1,0);
INSERT INTO `item_basic` VALUES(28664,'killedar_shield','killedar_shield',1,2080,0,1,0);
INSERT INTO `item_basic` VALUES(28665,'killedar_shield_+1','killedar_shield_+1',1,2080,0,1,0);
INSERT INTO `item_basic` VALUES(28666,'coalition_shield','coalition_shield',1,63568,0,1,0);
INSERT INTO `item_basic` VALUES(28667,'matamata_shield','matamata_shield',1,2080,0,1,0);
INSERT INTO `item_basic` VALUES(28668,'matamata_shield_+1','matamata_shield_+1',1,2080,0,1,0);
INSERT INTO `item_basic` VALUES(28669,'butznar_shield_+1','butznar_shield_+1',1,2080,0,1,0);
INSERT INTO `item_basic` VALUES(28670,'leafkin_shield','leafkin_shield',1,63568,0,1,0);
INSERT INTO `item_basic` VALUES(28671,'butznar_shield','butznar_shield',1,2080,0,1,0);

INSERT INTO `item_armor` VALUES('10809','moogle_guard','1','8388606','0','1','0','2','0');
INSERT INTO `item_armor` VALUES('10810','moogle_guard_+1','1','8388606','0','1','0','2','0');
INSERT INTO `item_armor` VALUES('10811','chocobo_shield','1','8388606','0','1','0','2','0');
INSERT INTO `item_armor` VALUES('10812','chocobo_shield_+1','1','8388606','0','1','0','2','0');
INSERT INTO `item_armor` VALUES('18468','bonanza_ball','1','8388606','0','0','0','8','0');
INSERT INTO `item_armor` VALUES('18469','pouch_of_moogle_moolah','1','8388606','0','0','0','8','0');
INSERT INTO `item_armor` VALUES('20548','oatixur','99','262148','0','0','0','1','0');
INSERT INTO `item_armor` VALUES('20549','rigor_baghnakhs','99','262148','0','0','0','1','0');
INSERT INTO `item_armor` VALUES('20636','izhiikoh','99','525376','0','0','0','3','0');
INSERT INTO `item_armor` VALUES('20637','aphotic_kukri','99','928066','0','0','0','3','0');
INSERT INTO `item_armor` VALUES('20738','buramenkah','99','65696','0','0','0','3','0');
INSERT INTO `item_armor` VALUES('20739','halachuinic_sword','99','4419554','0','0','0','3','0');
INSERT INTO `item_armor` VALUES('20778','bereaver','99','4194688','0','0','0','1','0');
INSERT INTO `item_armor` VALUES('20779','senbaak_nagan','99','4194688','0','0','0','1','0');
INSERT INTO `item_armor` VALUES('20780','senbaak_nagan_+1','99','4194688','0','0','0','1','0');
INSERT INTO `item_armor` VALUES('20827','kerehcatl','99','514','0','0','0','3','0');
INSERT INTO `item_armor` VALUES('20828','brethren_axe','99','512','0','0','0','3','0');
INSERT INTO `item_armor` VALUES('20873','bloodbath_axe','99','2','0','0','0','1','0');
INSERT INTO `item_armor` VALUES('20874','razorfury','99','2','0','0','0','1','0');
INSERT INTO `item_armor` VALUES('20875','razorfury_+1','99','2','0','0','0','1','0');
INSERT INTO `item_armor` VALUES('20918','dimmet_scythe','99','256','0','0','0','1','0');
INSERT INTO `item_armor` VALUES('20919','lacryma_sickle','99','256','0','0','0','1','0');
INSERT INTO `item_armor` VALUES('20920','lacryma_sickle_+1','99','256','0','0','0','1','0');
INSERT INTO `item_armor` VALUES('20963','upukirex','99','16384','0','0','0','1','0');
INSERT INTO `item_armor` VALUES('20964','ophidian_trident','99','16384','0','0','0','1','0');
INSERT INTO `item_armor` VALUES('21005','kiji','99','8192','0','0','0','3','0');
INSERT INTO `item_armor` VALUES('21006','pamun','99','8192','0','0','0','3','0');
INSERT INTO `item_armor` VALUES('21007','pamun_+1','99','8192','0','0','0','3','0');
INSERT INTO `item_armor` VALUES('21052','tsurumaru','99','4096','0','0','0','1','0');
INSERT INTO `item_armor` VALUES('21053','uguisumaru','99','4096','0','0','0','1','0');
INSERT INTO `item_armor` VALUES('21128','mondaha_cudgel','99','3244190','0','0','0','3','0');
INSERT INTO `item_armor` VALUES('21129','sharur','99','136','0','0','0','3','0');
INSERT INTO `item_armor` VALUES('21130','sharur_+1','99','136','0','0','0','3','0');
INSERT INTO `item_armor` VALUES('21198','soothsayer_staff','99','3179576','0','0','0','1','0');
INSERT INTO `item_armor` VALUES('21199','yaskomos_pole','99','32768','0','0','0','1','0');
INSERT INTO `item_armor` VALUES('21200','atinian_staff','99','3145744','0','0','0','1','0');
INSERT INTO `item_armor` VALUES('21201','atinian_staff_+1','99','3145744','0','0','0','1','0');
INSERT INTO `item_armor` VALUES('21202','balsam_staff','99','32768','0','0','0','1','0');
INSERT INTO `item_armor` VALUES('21203','astralwatcher','99','32768','0','0','0','1','0');
INSERT INTO `item_armor` VALUES('21238','speleogen_bow','99','6144','0','0','0','4','0');
INSERT INTO `item_armor` VALUES('21239','echidnas_bow','99','2048','0','0','0','4','0');
INSERT INTO `item_armor` VALUES('21240','echidnas_bow_+1','99','2048','0','0','0','4','0');
INSERT INTO `item_armor` VALUES('21256','illapa','99','2048','0','0','0','4','0');
INSERT INTO `item_armor` VALUES('21288','surefire_arquebus','99','133120','0','0','0','4','0');
INSERT INTO `item_armor` VALUES('21289','donderbuss','99','133120','0','0','0','4','0');
INSERT INTO `item_armor` VALUES('21290','donderbuss_+1','99','133120','0','0','0','4','0');
INSERT INTO `item_armor` VALUES('21389','honed_tathlum','99','5179460','0','0','0','8','0');
INSERT INTO `item_armor` VALUES('21429','mephitis_grip','99','8388606','0','0','0','2','0');
INSERT INTO `item_armor` VALUES('21455','alternator','99','262144','0','0','0','4','0');
INSERT INTO `item_armor` VALUES('27773','yaoyotl_helm','99','21378','0','0','0','16','0');
INSERT INTO `item_armor` VALUES('27774','whirlpool_mask','99','5187652','0','0','0','16','0');
INSERT INTO `item_armor` VALUES('27775','nahtirah_hat','99','3179576','0','0','0','16','0');
INSERT INTO `item_armor` VALUES('27776','mikinaak_helm','99','21378','0','0','0','16','0');
INSERT INTO `item_armor` VALUES('27777','manibozho_beret','99','5187652','0','0','0','16','0');
INSERT INTO `item_armor` VALUES('27778','bokwus_circlet','99','3179576','0','0','0','16','0');
INSERT INTO `item_armor` VALUES('27917','mikinaak_breastplate','99','21378','0','0','0','32','0');
INSERT INTO `item_armor` VALUES('27918','manibozho_jerkin','99','5187652','0','0','0','32','0');
INSERT INTO `item_armor` VALUES('27919','bokwus_robe','99','3179576','0','0','0','32','0');
INSERT INTO `item_armor` VALUES('28056','yaoyotl_gloves','99','3179576','0','0','0','64','0');
INSERT INTO `item_armor` VALUES('28057','mikinaak_gauntlets','99','21378','0','0','0','64','0');
INSERT INTO `item_armor` VALUES('28058','manibozho_gloves','99','5187652','0','0','0','64','0');
INSERT INTO `item_armor` VALUES('28059','bokwus_gloves','99','3179576','0','0','0','64','0');
INSERT INTO `item_armor` VALUES('28197','nahtirah_trousers','99','5187652','0','0','0','128','0');
INSERT INTO `item_armor` VALUES('28198','mikinaak_cuisses','99','21378','0','0','0','128','0');
INSERT INTO `item_armor` VALUES('28199','manibozho_brais','99','5187652','0','0','0','128','0');
INSERT INTO `item_armor` VALUES('28200','bokwus_slops','99','3179576','0','0','0','128','0');
INSERT INTO `item_armor` VALUES('28337','whirlpool_greaves','99','21378','0','0','0','256','0');
INSERT INTO `item_armor` VALUES('28338','mikinaak_greaves','99','21378','0','0','0','256','0');
INSERT INTO `item_armor` VALUES('28339','manibozho_boots','99','5187652','0','0','0','256','0');
INSERT INTO `item_armor` VALUES('28340','bokwus_boots','99','3179576','0','0','0','256','0');
INSERT INTO `item_armor` VALUES('28401','eddy_necklace','99','7438776','0','0','0','512','0');
INSERT INTO `item_armor` VALUES('28402','asperity_necklace','99','8388606','0','0','0','512','0');
INSERT INTO `item_armor` VALUES('28403','inquisitor_bead_necklace','99','5139044','0','0','0','512','0');
INSERT INTO `item_armor` VALUES('28404','ej_necklace','99','5188164','0','0','0','512','0');
INSERT INTO `item_armor` VALUES('28405','ej_necklace_+1','99','5188164','0','0','0','512','0');
INSERT INTO `item_armor` VALUES('28462','hurchlan_sash','99','5188164','0','0','0','1024','0');
INSERT INTO `item_armor` VALUES('28463','zorans_belt','99','17282','0','0','0','1024','0');
INSERT INTO `item_armor` VALUES('28464','pyaekue_belt','99','4947938','0','0','0','1024','0');
INSERT INTO `item_armor` VALUES('28465','pyaekue_belt_+1','99','4947938','0','0','0','1024','0');
INSERT INTO `item_armor` VALUES('28520','steelflash_earring','99','8388606','0','0','0','6144','0');
INSERT INTO `item_armor` VALUES('28521','bladeborn_earring','99','8388606','0','0','0','6144','0');
INSERT INTO `item_armor` VALUES('28522','dudgeon_earring','99','8388606','0','0','0','6144','0');
INSERT INTO `item_armor` VALUES('28523','heartseeker_earring','99','8388606','0','0','0','6144','0');
INSERT INTO `item_armor` VALUES('28524','lifestorm_earring','99','8388606','0','0','0','6144','0');
INSERT INTO `item_armor` VALUES('28525','psystorm_earring','99','8388606','0','0','0','6144','0');
INSERT INTO `item_armor` VALUES('28526','tati_earring','99','8388606','0','0','0','6144','0');
INSERT INTO `item_armor` VALUES('28527','tati_earring_+1','99','8388606','0','0','0','6144','0');
INSERT INTO `item_armor` VALUES('28528','undecennial_ring','1','8388606','0','0','0','24576','0');
INSERT INTO `item_armor` VALUES('28579','kayres_ring','99','8388606','0','0','0','24576','0');
INSERT INTO `item_armor` VALUES('28580','sangoma_ring','99','8388606','0','0','0','24576','0');
INSERT INTO `item_armor` VALUES('28581','beeline_ring','99','8388606','0','0','0','24576','0');
INSERT INTO `item_armor` VALUES('28582','locus_ring','99','8388606','0','0','0','24576','0');
INSERT INTO `item_armor` VALUES('28641','vespid_mantle','99','4947942','0','0','0','32768','0');
INSERT INTO `item_armor` VALUES('28642','contrivers_cape','99','262144','0','0','0','32768','0');
INSERT INTO `item_armor` VALUES('28643','refraction_cape','99','3507256','0','0','0','32768','0');
INSERT INTO `item_armor` VALUES('28644','ogapepo_cape','99','3507256','0','0','0','32768','0');
INSERT INTO `item_armor` VALUES('28645','ogapepo_cape_+1','99','3507256','0','0','0','32768','0');
INSERT INTO `item_armor` VALUES('28663','steadfast_shield','99','384','0','3','0','2','0');
INSERT INTO `item_armor` VALUES('28664','killedar_shield','99','128','0','3','0','2','0');
INSERT INTO `item_armor` VALUES('28665','killedar_shield_+1','99','128','0','3','0','2','0');


INSERT INTO `item_weapon` VALUES(20922,'aakab_scythe',0,0,0,1,0,0,0);
INSERT INTO `item_weapon` VALUES(20923,'aakab_scythe_+1',0,0,0,1,0,0,0);
INSERT INTO `item_weapon` VALUES(20831,'aalak_axe',0,0,0,1,0,0,0);
INSERT INTO `item_weapon` VALUES(20832,'aalak_axe_+1',0,0,0,1,0,0,0);
INSERT INTO `item_weapon` VALUES(18565,'adflictio',0,0,0,1,0,0,0);
INSERT INTO `item_weapon` VALUES(21132,'aedold',0,0,0,1,0,0,0);
INSERT INTO `item_weapon` VALUES(21243,'ahkormaar_bow',0,0,0,1,0,0,0);
INSERT INTO `item_weapon` VALUES(21244,'ahkormaar_bow_+1',0,0,0,1,0,0,0);
INSERT INTO `item_weapon` VALUES(20551,'akua_sainti',0,0,0,1,0,0,0);
INSERT INTO `item_weapon` VALUES(20552,'akua_sainti_+1',0,0,0,1,0,0,0);
INSERT INTO `item_weapon` VALUES(19807,'almace',0,0,0,1,0,0,0);
INSERT INTO `item_weapon` VALUES(21455,'alternator',0,0,0,1,0,0,0);
INSERT INTO `item_weapon` VALUES(19755,'amanomurakumo',0,0,0,1,0,0,0);
INSERT INTO `item_weapon` VALUES(18888,'ankylosis_wand',0,0,0,1,0,0,0);
INSERT INTO `item_weapon` VALUES(19758,'annihilator',0,0,0,1,0,0,0);
INSERT INTO `item_weapon` VALUES(20637,'aphotic_kukri',0,0,0,1,0,0,0);
INSERT INTO `item_weapon` VALUES(19753,'apocalypse',0,0,0,1,0,0,0);
INSERT INTO `item_weapon` VALUES(18912,'ark_saber',0,0,0,1,0,0,0);
INSERT INTO `item_weapon` VALUES(18563,'ark_scythe',0,0,0,1,0,0,0);
INSERT INTO `item_weapon` VALUES(18913,'ark_sword',0,0,0,1,0,0,0);
INSERT INTO `item_weapon` VALUES(18545,'ark_tabar',0,0,0,1,0,0,0);
INSERT INTO `item_weapon` VALUES(18464,'ark_tachi',0,0,0,1,0,0,0);
INSERT INTO `item_weapon` VALUES(19818,'armageddon',0,0,0,1,0,0,0);
INSERT INTO `item_weapon` VALUES(21203,'astralwatcher',0,0,0,1,0,0,0);
INSERT INTO `item_weapon` VALUES(21200,'atinian_staff',0,0,0,1,0,0,0);
INSERT INTO `item_weapon` VALUES(21201,'atinian_staff_+1',0,0,0,1,0,0,0);
INSERT INTO `item_weapon` VALUES(21205,'avitap_pole',0,0,0,1,0,0,0);
INSERT INTO `item_weapon` VALUES(19827,'aymur',0,0,0,1,0,0,0);
INSERT INTO `item_weapon` VALUES(21202,'balsam_staff',0,0,0,1,0,0,0);
INSERT INTO `item_weapon` VALUES(21292,'bandeiras_gun',0,0,0,1,0,0,0);
INSERT INTO `item_weapon` VALUES(21293,'bandeiras_gun_+1',0,0,0,1,0,0,0);
INSERT INTO `item_weapon` VALUES(20778,'bereaver',0,0,0,1,0,0,0);
INSERT INTO `item_weapon` VALUES(20744,'bihkah_sword',0,0,0,1,0,0,0);
INSERT INTO `item_weapon` VALUES(20743,'bihkah_sword_+1',0,0,0,1,0,0,0);
INSERT INTO `item_weapon` VALUES(20873,'bloodbath_axe',0,0,0,1,0,0,0);
INSERT INTO `item_weapon` VALUES(18794,'blutklauen',0,0,0,1,0,0,0);
INSERT INTO `item_weapon` VALUES(18793,'blutkrallen',0,0,0,1,0,0,0);
INSERT INTO `item_weapon` VALUES(21242,'bocluamni',0,0,0,1,0,0,0);
INSERT INTO `item_weapon` VALUES(18468,'bonanza_ball',0,0,0,1,0,0,0);
INSERT INTO `item_weapon` VALUES(19751,'bravura',0,0,0,1,0,0,0);
INSERT INTO `item_weapon` VALUES(20828,'brethren_axe',0,0,0,1,0,0,0);
INSERT INTO `item_weapon` VALUES(18471,'brigantia_pebble',0,0,0,1,0,0,0);
INSERT INTO `item_weapon` VALUES(18627,'bryojas_staff',0,0,0,1,0,0,0);
INSERT INTO `item_weapon` VALUES(20738,'buramenkah',0,0,0,1,0,0,0);
INSERT INTO `item_weapon` VALUES(19825,'burtgang',0,0,0,1,0,0,0);
INSERT INTO `item_weapon` VALUES(20740,'camatlatia',0,0,0,1,0,0,0);
INSERT INTO `item_weapon` VALUES(19828,'carnwenhan',0,0,0,1,0,0,0);
INSERT INTO `item_weapon` VALUES(20969,'chanar_xyston',0,0,0,1,0,0,0);
INSERT INTO `item_weapon` VALUES(20968,'chanar_xyston_+1',0,0,0,1,0,0,0);
INSERT INTO `item_weapon` VALUES(21309,'chapuli_arrow',0,0,0,1,0,0,0);
INSERT INTO `item_weapon` VALUES(18470,'cheruski_needle',0,0,0,1,0,0,0);
INSERT INTO `item_weapon` VALUES(19757,'claustrum',0,0,0,1,0,0,0);
INSERT INTO `item_weapon` VALUES(20830,'coalition_axe',0,0,0,1,0,0,0);
INSERT INTO `item_weapon` VALUES(20741,'coalition_blade',0,0,0,1,0,0,0);
INSERT INTO `item_weapon` VALUES(21241,'coalition_bow',0,0,0,1,0,0,0);
INSERT INTO `item_weapon` VALUES(20638,'coalition_dirk',0,0,0,1,0,0,0);
INSERT INTO `item_weapon` VALUES(20966,'coalition_lance',0,0,0,1,0,0,0);
INSERT INTO `item_weapon` VALUES(21131,'coalition_rod',0,0,0,1,0,0,0);
INSERT INTO `item_weapon` VALUES(20782,'coalition_sword',0,0,0,1,0,0,0);
INSERT INTO `item_weapon` VALUES(19819,'conqueror',0,0,0,1,0,0,0);
INSERT INTO `item_weapon` VALUES(20787,'crobaci',0,0,0,1,0,0,0);
INSERT INTO `item_weapon` VALUES(21322,'damascus_bolt',0,0,0,1,0,0,0);
INSERT INTO `item_weapon` VALUES(21338,'damascus_bullet',0,0,0,1,0,0,0);
INSERT INTO `item_weapon` VALUES(18571,'daurdabla',0,0,0,1,0,0,0);
INSERT INTO `item_weapon` VALUES(19835,'death_penalty',0,0,0,1,0,0,0);
INSERT INTO `item_weapon` VALUES(18564,'devilish_scythe',0,0,0,1,0,0,0);
INSERT INTO `item_weapon` VALUES(18886,'dhyana_rod',0,0,0,1,0,0,0);
INSERT INTO `item_weapon` VALUES(20918,'dimmet_scythe',0,0,0,1,0,0,0);
INSERT INTO `item_weapon` VALUES(18822,'dominies_grip',0,0,0,1,0,0,0);
INSERT INTO `item_weapon` VALUES(21289,'donderbuss',0,0,0,1,0,0,0);
INSERT INTO `item_weapon` VALUES(21290,'donderbuss_+1',0,0,0,1,0,0,0);
INSERT INTO `item_weapon` VALUES(18887,'dukkha',0,0,0,1,0,0,0);
INSERT INTO `item_weapon` VALUES(18820,'duplus_grip',0,0,0,1,0,0,0);
INSERT INTO `item_weapon` VALUES(21239,'echidnas_bow',0,0,0,1,0,0,0);
INSERT INTO `item_weapon` VALUES(21240,'echidnas_bow_+1',0,0,0,1,0,0,0);
INSERT INTO `item_weapon` VALUES(19781,'eluders_sachet',0,0,0,1,0,0,0);
INSERT INTO `item_weapon` VALUES(21011,'enju',0,0,0,1,0,0,0);
INSERT INTO `item_weapon` VALUES(21012,'enju_+1',0,0,0,1,0,0,0);
INSERT INTO `item_weapon` VALUES(21342,'erlenes_notebook',0,0,0,1,0,0,0);
INSERT INTO `item_weapon` VALUES(19748,'excalibur',0,0,0,1,0,0,0);
INSERT INTO `item_weapon` VALUES(20833,'faizzeer',0,0,0,1,0,0,0);
INSERT INTO `item_weapon` VALUES(19809,'farsha',0,0,0,1,0,0,0);
INSERT INTO `item_weapon` VALUES(20921,'fieldrazer_scythe',0,0,0,1,0,0,0);
INSERT INTO `item_weapon` VALUES(18628,'flete_pole',0,0,0,1,0,0,0);
INSERT INTO `item_weapon` VALUES(18629,'flete_pole_+1',0,0,0,1,0,0,0);
INSERT INTO `item_weapon` VALUES(19815,'gambanteinn',0,0,0,1,0,0,0);
INSERT INTO `item_weapon` VALUES(19817,'gandiva',0,0,0,1,0,0,0);
INSERT INTO `item_weapon` VALUES(19829,'gastraphetes',0,0,0,1,0,0,0);
INSERT INTO `item_weapon` VALUES(18465,'genjito',0,0,0,1,0,0,0);
INSERT INTO `item_weapon` VALUES(18572,'gjallarhorn',0,0,0,1,0,0,0);
INSERT INTO `item_weapon` VALUES(19820,'glanzfaust',0,0,0,1,0,0,0);
INSERT INTO `item_weapon` VALUES(17032,'gobbie_gavel',0,0,0,1,0,0,0);
INSERT INTO `item_weapon` VALUES(21245,'guglielmos_bow',0,0,0,1,0,0,0);
INSERT INTO `item_weapon` VALUES(19752,'gungnir',0,0,0,1,0,0,0);
INSERT INTO `item_weapon` VALUES(19750,'guttler',0,0,0,1,0,0,0);
INSERT INTO `item_weapon` VALUES(20739,'halachuinic_sword',0,0,0,1,0,0,0);
INSERT INTO `item_weapon` VALUES(21340,'halakaala',0,0,0,1,0,0,0);
INSERT INTO `item_weapon` VALUES(19741,'handgonne',0,0,0,1,0,0,0);
INSERT INTO `item_weapon` VALUES(19742,'handgonne_+1',0,0,0,1,0,0,0);
INSERT INTO `item_weapon` VALUES(20789,'hatzoaar_sword',0,0,0,1,0,0,0);
INSERT INTO `item_weapon` VALUES(20788,'hatzoaar_sword_+1',0,0,0,1,0,0,0);
INSERT INTO `item_weapon` VALUES(21206,'hemolele_staff',0,0,0,1,0,0,0);
INSERT INTO `item_weapon` VALUES(21207,'hemolele_staff_+1',0,0,0,1,0,0,0);
INSERT INTO `item_weapon` VALUES(21294,'hgafircian',0,0,0,1,0,0,0);
INSERT INTO `item_weapon` VALUES(18525,'himthige',0,0,0,1,0,0,0);
INSERT INTO `item_weapon` VALUES(21389,'honed_tathlum',0,0,0,1,0,0,0);
INSERT INTO `item_weapon` VALUES(18524,'huskarl_axe',0,0,0,1,0,0,0);
INSERT INTO `item_weapon` VALUES(19816,'hvergelmir',0,0,0,1,0,0,0);
INSERT INTO `item_weapon` VALUES(20877,'iclamar',0,0,0,1,0,0,0);
INSERT INTO `item_weapon` VALUES(20829,'icoyoca',0,0,0,1,0,0,0);
INSERT INTO `item_weapon` VALUES(19783,'iga_shuriken',0,0,0,1,0,0,0);
INSERT INTO `item_weapon` VALUES(20924,'iizamal',0,0,0,1,0,0,0);
INSERT INTO `item_weapon` VALUES(21256,'illapa',0,0,0,1,0,0,0);
INSERT INTO `item_weapon` VALUES(19782,'iron_gobbet',0,0,0,1,0,0,0);
INSERT INTO `item_weapon` VALUES(20636,'izhiikoh',0,0,0,1,0,0,0);
INSERT INTO `item_weapon` VALUES(20742,'iztaasu',0,0,0,1,0,0,0);
INSERT INTO `item_weapon` VALUES(17906,'jug_of_auroral_broth',0,0,0,1,0,0,0);
INSERT INTO `item_weapon` VALUES(19813,'kannagi',0,0,0,1,0,0,0);
INSERT INTO `item_weapon` VALUES(21013,'kannakiri',0,0,0,1,0,0,0);
INSERT INTO `item_weapon` VALUES(21055,'kashiwadachi',0,0,0,1,0,0,0);
INSERT INTO `item_weapon` VALUES(19836,'kenkonken',0,0,0,1,0,0,0);
INSERT INTO `item_weapon` VALUES(20827,'kerehcatl',0,0,0,1,0,0,0);
INSERT INTO `item_weapon` VALUES(21005,'kiji',0,0,0,1,0,0,0);
INSERT INTO `item_weapon` VALUES(19754,'kikoku',0,0,0,1,0,0,0);
INSERT INTO `item_weapon` VALUES(19830,'kogarasumaru',0,0,0,1,0,0,0);
INSERT INTO `item_weapon` VALUES(21008,'kotekirigo',0,0,0,1,0,0,0);
INSERT INTO `item_weapon` VALUES(20919,'lacryma_sickle',0,0,0,1,0,0,0);
INSERT INTO `item_weapon` VALUES(20920,'lacryma_sickle_+1',0,0,0,1,0,0,0);
INSERT INTO `item_weapon` VALUES(19822,'laevateinn',0,0,0,1,0,0,0);
INSERT INTO `item_weapon` VALUES(19784,'lanner_bow',0,0,0,1,0,0,0);
INSERT INTO `item_weapon` VALUES(19785,'lanner_bow_+1',0,0,0,1,0,0,0);
INSERT INTO `item_weapon` VALUES(21208,'lehbrailg',0,0,0,1,0,0,0);
INSERT INTO `item_weapon` VALUES(20641,'leisilonu',0,0,0,1,0,0,0);
INSERT INTO `item_weapon` VALUES(19826,'liberator',0,0,0,1,0,0,0);
INSERT INTO `item_weapon` VALUES(18883,'luckitoo',0,0,0,1,0,0,0);
INSERT INTO `item_weapon` VALUES(20643,'macoquetza',0,0,0,1,0,0,0);
INSERT INTO `item_weapon` VALUES(21258,'malayo_crossbow',0,0,0,1,0,0,0);
INSERT INTO `item_weapon` VALUES(21259,'malayo_crossbow_+1',0,0,0,1,0,0,0);
INSERT INTO `item_weapon` VALUES(19747,'mandau',0,0,0,1,0,0,0);
INSERT INTO `item_weapon` VALUES(21308,'mantid_arrow',0,0,0,1,0,0,0);
INSERT INTO `item_weapon` VALUES(19814,'masamune',0,0,0,1,0,0,0);
INSERT INTO `item_weapon` VALUES(17363,'mass_chalemie',0,0,0,1,0,0,0);
INSERT INTO `item_weapon` VALUES(21460,'matre_bell',0,0,0,1,0,0,0);
INSERT INTO `item_weapon` VALUES(18635,'melisseus_staff',0,0,0,1,0,0,0);
INSERT INTO `item_weapon` VALUES(21429,'mephitis_grip',0,0,0,1,0,0,0);
INSERT INTO `item_weapon` VALUES(21324,'midrium_bolt',0,0,0,1,0,0,0);
INSERT INTO `item_weapon` VALUES(21339,'midrium_bullet',0,0,0,1,0,0,0);
INSERT INTO `item_weapon` VALUES(19756,'mjollnir',0,0,0,1,0,0,0);
INSERT INTO `item_weapon` VALUES(19776,'mogratuity',0,0,0,1,0,0,0);
INSERT INTO `item_weapon` VALUES(21128,'mondaha_cudgel',0,0,0,1,0,0,0);
INSERT INTO `item_weapon` VALUES(19823,'murgleis',0,0,0,1,0,0,0);
INSERT INTO `item_weapon` VALUES(19831,'nagi',0,0,0,1,0,0,0);
INSERT INTO `item_weapon` VALUES(21009,'nakajimarai',0,0,0,1,0,0,0);
INSERT INTO `item_weapon` VALUES(21010,'nakajimarai_+1',0,0,0,1,0,0,0);
INSERT INTO `item_weapon` VALUES(18630,'nathushne',0,0,0,1,0,0,0);
INSERT INTO `item_weapon` VALUES(18631,'nathushne_+1',0,0,0,1,0,0,0);
INSERT INTO `item_weapon` VALUES(18461,'nikko-ichimonji',0,0,0,1,0,0,0);
INSERT INTO `item_weapon` VALUES(20553,'ninzas',0,0,0,1,0,0,0);
INSERT INTO `item_weapon` VALUES(18560,'nirastamo',0,0,0,1,0,0,0);
INSERT INTO `item_weapon` VALUES(19833,'nirvana',0,0,0,1,0,0,0);
INSERT INTO `item_weapon` VALUES(20640,'nitric_baselard',0,0,0,1,0,0,0);
INSERT INTO `item_weapon` VALUES(20878,'nohkux_axe',0,0,0,1,0,0,0);
INSERT INTO `item_weapon` VALUES(20879,'nohkux_axe_+1',0,0,0,1,0,0,0);
INSERT INTO `item_weapon` VALUES(19786,'nurigomeyumi',0,0,0,1,0,0,0);
INSERT INTO `item_weapon` VALUES(19787,'nurigomeyumi_+1',0,0,0,1,0,0,0);
INSERT INTO `item_weapon` VALUES(20548,'oatixur',0,0,0,1,0,0,0);
INSERT INTO `item_weapon` VALUES(20964,'ophidian_trident',0,0,0,1,0,0,0);
INSERT INTO `item_weapon` VALUES(19743,'opprimo',0,0,0,1,0,0,0);
INSERT INTO `item_weapon` VALUES(19744,'opprimo_+1',0,0,0,1,0,0,0);
INSERT INTO `item_weapon` VALUES(21341,'oreiads_tathlum',0,0,0,1,0,0,0);
INSERT INTO `item_weapon` VALUES(20639,'oxidant_baselard',0,0,0,1,0,0,0);
INSERT INTO `item_weapon` VALUES(21323,'oxidant_bolt',0,0,0,1,0,0,0);
INSERT INTO `item_weapon` VALUES(21006,'pamun',0,0,0,1,0,0,0);
INSERT INTO `item_weapon` VALUES(21007,'pamun_+1',0,0,0,1,0,0,0);
INSERT INTO `item_weapon` VALUES(18626,'plenitas_virga',0,0,0,1,0,0,0);
INSERT INTO `item_weapon` VALUES(18821,'potens_grip',0,0,0,1,0,0,0);
INSERT INTO `item_weapon` VALUES(18469,'pouch_of_moogle_moolah',0,0,0,1,0,0,0);
INSERT INTO `item_weapon` VALUES(18472,'psilomene',0,0,0,1,0,0,0);
INSERT INTO `item_weapon` VALUES(20967,'qatsunoci',0,0,0,1,0,0,0);
INSERT INTO `item_weapon` VALUES(19749,'ragnarok',0,0,0,1,0,0,0);
INSERT INTO `item_weapon` VALUES(18547,'ravanas_axe',0,0,0,1,0,0,0);
INSERT INTO `item_weapon` VALUES(20874,'razorfury',0,0,0,1,0,0,0);
INSERT INTO `item_weapon` VALUES(20875,'razorfury_+1',0,0,0,1,0,0,0);
INSERT INTO `item_weapon` VALUES(19811,'redemption',0,0,0,1,0,0,0);
INSERT INTO `item_weapon` VALUES(19812,'rhongomiant',0,0,0,1,0,0,0);
INSERT INTO `item_weapon` VALUES(20549,'rigor_baghnakhs',0,0,0,1,0,0,0);
INSERT INTO `item_weapon` VALUES(19832,'ryunohige',0,0,0,1,0,0,0);
INSERT INTO `item_weapon` VALUES(21134,'sasah_wand',0,0,0,1,0,0,0);
INSERT INTO `item_weapon` VALUES(21133,'sasah_wand_+1',0,0,0,1,0,0,0);
INSERT INTO `item_weapon` VALUES(20779,'senbaak_nagan',0,0,0,1,0,0,0);
INSERT INTO `item_weapon` VALUES(20780,'senbaak_nagan_+1',0,0,0,1,0,0,0);
INSERT INTO `item_weapon` VALUES(21291,'shadeshot_gun',0,0,0,1,0,0,0);
INSERT INTO `item_weapon` VALUES(18825,'shamatha_grip',0,0,0,1,0,0,0);
INSERT INTO `item_weapon` VALUES(21129,'sharur',0,0,0,1,0,0,0);
INSERT INTO `item_weapon` VALUES(21130,'sharur_+1',0,0,0,1,0,0,0);
INSERT INTO `item_weapon` VALUES(17031,'shell_scepter',0,0,0,1,0,0,0);
INSERT INTO `item_weapon` VALUES(21058,'shichishito',0,0,0,1,0,0,0);
INSERT INTO `item_weapon` VALUES(18824,'skrati_grip',0,0,0,1,0,0,0);
INSERT INTO `item_weapon` VALUES(21198,'soothsayer_staff',0,0,0,1,0,0,0);
INSERT INTO `item_weapon` VALUES(21204,'sortilevel_staff',0,0,0,1,0,0,0);
INSERT INTO `item_weapon` VALUES(20781,'sowilo_claymore',0,0,0,1,0,0,0);
INSERT INTO `item_weapon` VALUES(21238,'speleogen_bow',0,0,0,1,0,0,0);
INSERT INTO `item_weapon` VALUES(19746,'spharai',0,0,0,1,0,0,0);
INSERT INTO `item_weapon` VALUES(21054,'suijingiri_kanemitsu',0,0,0,1,0,0,0);
INSERT INTO `item_weapon` VALUES(21288,'surefire_arquebus',0,0,0,1,0,0,0);
INSERT INTO `item_weapon` VALUES(18466,'tenkomaru',0,0,0,1,0,0,0);
INSERT INTO `item_weapon` VALUES(19837,'terpsichore',0,0,0,1,0,0,0);
INSERT INTO `item_weapon` VALUES(20785,'thurisaz_blade',0,0,0,1,0,0,0);
INSERT INTO `item_weapon` VALUES(20786,'thurisaz_blade_+1',0,0,0,1,0,0,0);
INSERT INTO `item_weapon` VALUES(19834,'tizona',0,0,0,1,0,0,0);
INSERT INTO `item_weapon` VALUES(20554,'tlalpoloani',0,0,0,1,0,0,0);
INSERT INTO `item_weapon` VALUES(20965,'tlamini',0,0,0,1,0,0,0);
INSERT INTO `item_weapon` VALUES(21056,'tomonari',0,0,0,1,0,0,0);
INSERT INTO `item_weapon` VALUES(21057,'tomonari_+1',0,0,0,1,0,0,0);
INSERT INTO `item_weapon` VALUES(20876,'trunkcleaver',0,0,0,1,0,0,0);
INSERT INTO `item_weapon` VALUES(21052,'tsurumaru',0,0,0,1,0,0,0);
INSERT INTO `item_weapon` VALUES(19838,'tupsimati',0,0,0,1,0,0,0);
INSERT INTO `item_weapon` VALUES(19806,'twashtar',0,0,0,1,0,0,0);
INSERT INTO `item_weapon` VALUES(20644,'tzustes_knife',0,0,0,1,0,0,0);
INSERT INTO `item_weapon` VALUES(20642,'tzustes_knife_+1',0,0,0,1,0,0,0);
INSERT INTO `item_weapon` VALUES(21209,'uffrat',0,0,0,1,0,0,0);
INSERT INTO `item_weapon` VALUES(21053,'uguisumaru',0,0,0,1,0,0,0);
INSERT INTO `item_weapon` VALUES(19810,'ukonvasara',0,0,0,1,0,0,0);
INSERT INTO `item_weapon` VALUES(20963,'upukirex',0,0,0,1,0,0,0);
INSERT INTO `item_weapon` VALUES(20783,'uruz_blade',0,0,0,1,0,0,0);
INSERT INTO `item_weapon` VALUES(20784,'uruz_blade_+1',0,0,0,1,0,0,0);
INSERT INTO `item_weapon` VALUES(19824,'vajra',0,0,0,1,0,0,0);
INSERT INTO `item_weapon` VALUES(18884,'vejovis_wand',0,0,0,1,0,0,0);
INSERT INTO `item_weapon` VALUES(18885,'vejovis_wand_+1',0,0,0,1,0,0,0);
INSERT INTO `item_weapon` VALUES(19805,'verethragna',0,0,0,1,0,0,0);
INSERT INTO `item_weapon` VALUES(20550,'vineslash_cesti',0,0,0,1,0,0,0);
INSERT INTO `item_weapon` VALUES(18559,'void_scythe',0,0,0,1,0,0,0);
INSERT INTO `item_weapon` VALUES(18823,'volos_strap',0,0,0,1,0,0,0);
INSERT INTO `item_weapon` VALUES(19821,'yagrush',0,0,0,1,0,0,0);
INSERT INTO `item_weapon` VALUES(21199,'yaskomos_pole',0,0,0,1,0,0,0);
INSERT INTO `item_weapon` VALUES(18561,'yhatdhara',0,0,0,1,0,0,0);
INSERT INTO `item_weapon` VALUES(18562,'yhatdhara_+1',0,0,0,1,0,0,0);
INSERT INTO `item_weapon` VALUES(19759,'yoichinoyumi',0,0,0,1,0,0,0);
INSERT INTO `item_weapon` VALUES(18634,'zamzummim_staff',0,0,0,1,0,0,0);
INSERT INTO `item_weapon` VALUES(21257,'zoquittihuitz',0,0,0,1,0,0,0);

INSERT INTO `item_mods` VALUES(14514, 373, 3);
INSERT INTO `item_mods` VALUES(15085, 402, 30);
INSERT INTO `item_mods` VALUES(15086, 372, 3);
INSERT INTO `item_mods` VALUES(15101, 373, 3);
INSERT INTO `item_mods` VALUES(15258, 402, 30);
INSERT INTO `item_mods` VALUES(15259, 372, 3);
INSERT INTO `item_mods` VALUES(16150, 402, 25);
INSERT INTO `item_mods` VALUES(10663, 1, 33);
INSERT INTO `item_mods` VALUES(10663, 2, 22);
INSERT INTO `item_mods` VALUES(10663, 8, 7);
INSERT INTO `item_mods` VALUES(10663, 10, 7);
INSERT INTO `item_mods` VALUES(10663, 23, 4);
INSERT INTO `item_mods` VALUES(10663, 402, 43);
INSERT INTO `item_mods` VALUES(10816, 1, 9);
INSERT INTO `item_mods` VALUES(10816, 2, 30);
INSERT INTO `item_mods` VALUES(10816, 402, 5);
INSERT INTO `item_mods` VALUES(11599, 8, 5);
INSERT INTO `item_mods` VALUES(11599, 25, 5);
INSERT INTO `item_mods` VALUES(11599, 402, 5);

INSERT INTO `bcnm_instance` VALUES ('288', '1', '17514497', '3');
INSERT INTO `bcnm_instance` VALUES ('288', '2', '17514498', '3');
INSERT INTO `bcnm_instance` VALUES ('288', '3', '17514499', '3');
INSERT INTO `bcnm_instance` VALUES ('290', '1', '17514500', '3');
INSERT INTO `bcnm_instance` VALUES ('290', '2', '17514501', '3');
INSERT INTO `bcnm_instance` VALUES ('290', '3', '17514502', '3');
INSERT INTO `bcnm_instance` VALUES ('290', '1', '17514503', '3');
INSERT INTO `bcnm_instance` VALUES ('290', '2', '17514504', '3');
INSERT INTO `bcnm_instance` VALUES ('290', '3', '17514505', '3');
INSERT INTO `bcnm_instance` VALUES ('290', '1', '17514506', '0');
INSERT INTO `bcnm_instance` VALUES ('290', '2', '17514507', '0');
INSERT INTO `bcnm_instance` VALUES ('290', '3', '17514508', '0');
INSERT INTO `bcnm_instance` VALUES ('291', '1', '17514509', '3');
INSERT INTO `bcnm_instance` VALUES ('291', '2', '17514510', '3');
INSERT INTO `bcnm_instance` VALUES ('291', '3', '17514511', '3');
INSERT INTO `bcnm_instance` VALUES ('289', '1', '17514512', '3');
INSERT INTO `bcnm_instance` VALUES ('289', '2', '17514513', '3');
INSERT INTO `bcnm_instance` VALUES ('289', '3', '17514514', '3');
INSERT INTO `bcnm_instance` VALUES ('292', '1', '17514515', '3');
INSERT INTO `bcnm_instance` VALUES ('292', '2', '17514516', '3');
INSERT INTO `bcnm_instance` VALUES ('292', '3', '17514517', '3');
INSERT INTO `bcnm_instance` VALUES ('292', '1', '17514518', '3');
INSERT INTO `bcnm_instance` VALUES ('292', '2', '17514519', '3');
INSERT INTO `bcnm_instance` VALUES ('292', '3', '17514520', '3');
INSERT INTO `bcnm_instance` VALUES ('293', '1', '17514521', '3');
INSERT INTO `bcnm_instance` VALUES ('293', '1', '17514522', '3');
INSERT INTO `bcnm_instance` VALUES ('293', '1', '17514523', '3');
INSERT INTO `bcnm_instance` VALUES ('293', '1', '17514524', '0');
INSERT INTO `bcnm_instance` VALUES ('293', '1', '17514525', '3');
INSERT INTO `bcnm_instance` VALUES ('293', '1', '17514526', '3');
INSERT INTO `bcnm_instance` VALUES ('293', '1', '17514527', '3');
INSERT INTO `bcnm_instance` VALUES ('293', '1', '17514528', '3');
INSERT INTO `bcnm_instance` VALUES ('293', '2', '17514529', '3');
INSERT INTO `bcnm_instance` VALUES ('293', '2', '17514530', '3');
INSERT INTO `bcnm_instance` VALUES ('293', '2', '17514531', '3');
INSERT INTO `bcnm_instance` VALUES ('293', '2', '17514532', '0');
INSERT INTO `bcnm_instance` VALUES ('293', '2', '17514533', '3');
INSERT INTO `bcnm_instance` VALUES ('293', '2', '17514534', '3');
INSERT INTO `bcnm_instance` VALUES ('293', '2', '17514535', '3');
INSERT INTO `bcnm_instance` VALUES ('293', '2', '17514536', '3');
INSERT INTO `bcnm_instance` VALUES ('293', '3', '17514537', '3');
INSERT INTO `bcnm_instance` VALUES ('293', '3', '17514538', '3');
INSERT INTO `bcnm_instance` VALUES ('293', '3', '17514539', '3');
INSERT INTO `bcnm_instance` VALUES ('293', '3', '17514540', '0');
INSERT INTO `bcnm_instance` VALUES ('293', '3', '17514541', '3');
INSERT INTO `bcnm_instance` VALUES ('293', '3', '17514542', '3');
INSERT INTO `bcnm_instance` VALUES ('293', '3', '17514543', '3');
INSERT INTO `bcnm_instance` VALUES ('293', '3', '17514544', '3');
INSERT INTO `bcnm_instance` VALUES ('320', '1', '17518593', '3');
INSERT INTO `bcnm_instance` VALUES ('320', '1', '17518594', '3');
INSERT INTO `bcnm_instance` VALUES ('320', '1', '17518595', '3');
INSERT INTO `bcnm_instance` VALUES ('320', '1', '17518596', '3');
INSERT INTO `bcnm_instance` VALUES ('320', '1', '17518597', '3');
