56/111, None
56/112, Leather Vest
56/113, Breastplate
56/114, Tunic
56/115, Shinobi Gi
56/116, Chainmail
56/117, Lizard Jerkin
56/118, Raptor Jerkin
56/119, Initial
56/120, Hara-Ate
56/121, Cloak
56/122, Silk Cloak
56/123, Ryl.Sqr. Chainmail
56/124, Ryl.Kgt. Chainmail
56/125, Padded Armor
56/126, Bronze Harness
56/127, Bone Harness
57/0, Kenpogi
57/1, Wool Robe
57/2, Tct.Mgc. Coat
57/3, Robe
57/4, Doublet
57/5, Darksteel Cuirass
57/6, Gambison
57/7, Battle Jupon
57/8, Irn.Msk. Cuirass
57/9, Ctr. Scale Mail
57/10, Gavial Mail
57/11, Scale Mail
57/12, Mtl. Breastplate
57/13, Race Specific
57/14, Adm. Breastplate
57/15, Cardinal Vest
57/16, Scorpion Harness
57/17, Demon's Harness
57/18, Lord's Cuirass
57/19, Jujitsu Gi
57/20, Ryl.Kgt. Aketon
57/21, Aketon
57/22, Haubergeon
57/23, Byrnie
57/24, War Shinobi Gi
57/25, Earth Doublet
57/26, Brigandine
94/89, Justaucorps
94/90, Black Cloak
94/91, Vermillion Cloak
94/92, Blue Cotehardie
94/93, Black Cotehardie
94/94, Fighter's Lorica (WAR AF1)
94/95, Temple Cyclas (MNK AF1)
94/96, Healer's Briault (WHM AF1)
94/97, Wizard's Coat (BLM AF1)
94/98, Warlock's Tabard (RDM AF1)
94/99, Rogue's Vest (THF AF1)
96/114, Gallant Surcoat (PLD AF1)
96/115, Chaos Cuirass (DRK AF1)
96/116, Beast Jackcoat (BST AF1)
96/117, Choral Jstcorps (BRD AF1)
96/118, Hunter's Jerkin (RNG AF1)
99/93, Myochin Domaru (SAM AF1)
99/94, Ninja Chainmail (NIN AF1)
99/95, Drachen Mail (DRG AF1)
99/96, Evoker's Doublet (SMN AF1)
119/42, Tiger Jerkin
119/43, Iron Scale Mail
121/115, Steel Scale Mail
121/116, Coeurl Jerkin
121/117, Adaman Cuirass
121/118, Coral Harness
121/119, Noble's Tunic
121/120, Hauberk
121/121, Arhat's Gi
121/122, Dragon Mail
125/16, Rasetsu Samue
125/17, Crm. Scale Mail
125/18, Adaman Hauberk
125/19, Ogre Jerkin
125/20, Koenig Cuirass
125/67, War Aketon
127/91, Holy Breastplate
127/92, Yasha Samue
127/93, Kirin's Osode
127/94, Hecatomb Harness
127/95, Errant Hpl.
127/96, Fsh. Tunica
127/97, Choc. Jack Coat
127/98, Vgd. Tunica
130/31, Field Tunica
130/32, Shura Togi
130/33, Dalmatica
130/34, Cpc. Breastplate
130/35, Dusk Jerkin
130/36, Dragon Harness
135/35, Warrior's Lorica (WAR AF2)
135/36, Melee Cyclas (MNK AF2)
135/37, Cleric's Briault (WHM AF2)
135/38, Sorcerer's Coat (BLM AF2)
135/39, Duelist's Tabard (RDM AF2)
135/40, Assassin's Vest (THF AF2)
135/41, Valor Surcoat (PLD AF2)
135/42, Abyss Cuirass (DRK AF2)
135/43, Monster Jackcoat (BST AF2)
135/44, Bard's Jstcorps (BRD AF2)
135/45, Scout's Jerkin (RNG AF2)
135/46, Saotome Domaru (SAM AF2)
135/47, Koga Chainmail (NIN AF2)
135/48, Wyrm Mail (DRG AF2)
135/49, Summoner's Dblt. (SMN AF2)
135/50, Scp. Breastplate
135/51, Austere Robe
138/123, Kingdom Aketon
138/124, Federation Aketon
138/125, Republic Aketon
138/126, Carpenter's Apron
138/127, Blacksmith's Apn.
139/0, Weaver's Apron
139/1, Alchemist's Apron
139/2, Boneworker's Apn.
139/3, Fisherman's Apron
139/4, Tanner's Apron
139/5, Culinarian's Apron
139/6, Goldsmith's Apron
145/39, ??? Harness
145/40, Shade Harness
145/41, Garish Tunic
145/42, Seer's Tunic
145/43, Cerise Doublet
145/44, Noct Doublet
146/27, Bison Jacket
146/28, Sha'ir Manteel
146/66, Barone Corazza
146/105, Igqira Weskit
148/39, Eisenbrust
150/91, Hachiman Domaru
150/92, Blessed Briault
151/68, Chasuble
153/39, Unicorn Harness
153/76, Trader's Saio
154/89, Alumine Haubert
155/15, Plastron
157/117, Nashira Manteel
158/59, Homam Corazza
158/112, Trader's Saio (Black)
159/19, Crow Jupon
159/90, Dream Robe
154/31, Hydra Haubert
160/87, Hydra Jupon
164/7, Magus Jubbah (BLU AF1)
164/8, Corsair's Frac (COR AF1)
162/82, Pup. Tobe (PUP AF1)
164/9, Sipahi Jawshan
163/81, Jaridah Peti
166/75, Amir Korazin
166/76, Pln. Khazagand
166/77, Yigit Gomlek
157/39, Galka Gilet
143/43, Onoko Yukata
170/94, Corselet
170/95, Kyudogi
174/118, Ares's Cuirass
174/119, Skadi's Cuirie
176/34, Usukane Haramaki
176/35, Marduk's Jubbah
176/36, Morrigan's Robe
183/48, Askar Korazin
182/37, Denali Jacket
183/49, Goliard Saio
185/116, Shadow Breastplate
186/26, Shadow Coat
184/77, Valhalla Breastplate
183/40, Chocobo Vest (yellow)
183/41, Chocobo Vest (black)
183/42, Chocobo Vest (purple)
183/43, Chocobo Vest (light blue)
183/44, Chocobo Vest (blue)
183/45, Chocobo Vest (red)
183/46, Chocobo Vest (white)
183/47, Chocobo Vest (green)