57/89, None
57/90, Leather Highboots
57/91, Plate Leggings
57/92, Solea
57/93, Shinobi Kyahan
57/94, Greaves
57/95, Lizard Ledelsens
57/96, Raptor Ledelsens
57/97, Initial
57/98, Sune-Ate
57/99, Shoes
57/100, Strider Boots
57/101, Ryl.Sqr. Sollerets
57/102, Ryl.Kgt. Sollerets
57/103, Leggings
57/104, Bronze Leggings
57/105, Bone Leggings
57/106, Kyahan
57/107, Chestnut Sabots
57/108, Tct.Mgc. Pigaches
57/109, Ash Clogs
57/110, Gaiters
57/111, Dst. Sabatons
57/112, Socks
57/113, Battle Boots
57/114, Irn.Msk. Sabatons
57/115, Ctr. Greaves
57/116, Gavial Greaves
57/117, Scale Greaves
57/118, Mythril Leggings
57/119, Race Specific
94/112, Fighter's Calligae (WAR AF1)
94/113, Temple Hose (MNK AF1)
94/114, Healer's Duckbills (WHM AF1)
94/115, Wizard's Sabots (BLM AF1)
94/116, Warlock's Boots (RDM AF1)
94/117, Rogue's Poulaines (THF AF1)
97/1, Gallant Leggings (PLD AF1)
97/2, Chaos Sollerets (DRK AF1)
97/3, Beast Gaiters (BST AF1)
97/4, Choral Slippers (BRD AF1)
97/5, Hunter's Socks (RNG AF1)
99/105, Myochin Sune-Ate (SAM AF1)
99/106, Ninja Kyahan (NIN AF1)
99/107, Drachen Greaves (DRG AF1)
99/108, Evoker's Pigaches (SMN AF1)
119/48, Tiger Ledelsens
119/49, Iron Greaves
122/11, Steel Greaves
122/12, Coeurl Ledelsens
122/13, Adaman Sabatons
122/14, Coral Leggings
122/15, Noble's Pumps
122/16, Thick Sollerets
122/17, Arhat's Sune-Ate
122/18, Dragon Greaves
125/31, Rasetsu Sune-Ate
125/32, Crimson Greaves
125/33, Adaman Sollerets
125/34, Ogre Ledelsens
125/35, Koenig Schuhs
125/70, War Boots
127/113, Yasha Sune-Ate
127/114, Suzaku's Sune-Ate
127/115, Hct. Leggings
127/116, Errant Pigaches
127/117, Fisherman's Boots
127/118, Chocobo Boots
127/119, Vagabond's Boots
130/48, Field Boots
130/49, Shura Sune-Ate
130/50, Zenith Pumps
130/51, Dusk Ledelsens
130/52, Dragon Leggings
135/85, Warrior's Calligae (WAR AF2)
135/86, Melee Gaiters (MNK AF2)
135/87, Cleric's Duckbills (WHM AF2)
135/88, Sorcerer's Sabots (BLM AF2)
135/89, Duelist's Boots (RDM AF2)
135/90, Assassin's Pouln. (THF AF2)
135/91, Valor Leggings (PLD AF2)
135/92, Abyss Sollerets (DRK AF2)
135/93, Monster Gaiters (BST AF2)
135/94, Bard's Slippers (BRD AF2)
135/95, Scout's Socks (RNG AF2)
135/96, Saotome Sune-Ate (SAM AF2)
135/97, Koga Kyahan (NIN AF2)
135/98, Wyrm Greaves (DRG AF2)
135/99, Summoner's Pgch. (SMN AF2)
135/100, Austere Sabots
139/9, Waders
145/57, ??? Spats
145/58, Shade Leggings
145/59, Garish Pumps
145/60, Seer's Pumps
145/61, ??? Gaiters
145/62, Noct Gaiters
146/33, Bison Gamashes
146/34, Sha'ir Crackows
146/69, Barone Gambieras
146/108, Igqira Huaraches
148/42, Eisenschuhs
149/71, Lord's Sabatons
150/97, Hmn. Sune-Ate
150/98, Blessed Pumps
151/71, Wise Pigaches
153/42, Unicorn Leggings
153/79, Trader's Pigaches
154/92, Alumine Solerets
155/18, Black Sollerets
157/120, Nashira Crackows
158/62, Homam Gambieras
158/115, Trader's Pigaches (Black)
159/22, Crow Gaiters
154/34, Hydra Sollerets
160/90, Hydra Boots
164/16, Magus Charuqs (BLU AF1)
164/17, Corsair's Bottes (COR AF1)
162/85, Pup. Babouches (PUP AF1)
164/18, Sipahi Boots
163/84, Jaridah Nails
166/84, Amir Boots
166/85, Pln. Crackows
166/86, Yigit Crackows
174/124, Ares's Sollerets
174/125, Skadi's Jambeaux
176/43, Usukane Sune-Ate
176/44, Marduk's Crackows
176/45, Morrigan's Pigaches
183/54, Askar Gambieras
182/40, Denali Gamashes
183/55, Goliard Clogs
185/119, Shadow Sabatons
186/29, Shadow Clogs
157/51, (None - use with swimsuit)