57/27, None
57/28, Leather Gloves
57/29, Gauntlets
57/30, Mitts
57/31, Shinobi Tekko
57/32, Chain Mittens
57/33, Lizard Gloves
57/34, Raptor Gloves
57/35, Initial
57/36, Kote
57/37, Linen Mitts
57/38, Black Mitts
57/39, Ryl.Sqr. Mufflers
57/40, Ryl.Kgt. Mufflers
57/41, Iron Mittens
57/42, Bronze Mittens
57/43, Bone Mittens
57/44, Tekko
57/45, Wool Cuffs
57/46, Tct.Mgc. Cuffs
57/47, Cuffs
57/48, Gloves
57/49, Dst. Gauntlets
57/50, Bracers
57/51, Battle Bracers
57/52, Irn.Msk. Gauntlets
57/53, Ctr. F. Gauntlets
57/54, Gavial Fng. Gnt.
57/55, Scale Fng. Gnt.
57/56, Mythril Gauntlets
57/57, Race Specific
94/100, Fighter's Mufflers (WAR AF1)
94/101, Temple Gloves (MNK AF1)
94/102, Healer's Mitts (WHM AF1)
94/103, Wizard's Gloves (BLM AF1)
94/104, Warlock's Gloves (RDM AF1)
94/105, Rogue's Armlets (THF AF1)
96/119, Gallant Gauntlets (PLD AF1)
96/120, Chaos Gauntlets (DRK AF1)
96/121, Beast Gloves (BST AF1)
96/122, Choral Cuffs (BRD AF1)
96/123, Hunter's Bracers (RNG AF1)
99/97, Myochin Kote (SAM AF1)
99/98, Ninja Tekko (NIN AF1)
99/99, Drachen Fng. Gnt. (DRG AF1)
99/100, Evoker's Bracers (SMN AF1)
119/44, Tiger Gloves
119/45, Iron Fng. Gnt.
121/123, Steel Fng. Gnt.
121/124, Coeurl Gloves
121/125, Adaman Gauntlets
121/126, Coral Mittens
121/127, Noble's Mitts
122/0, Thick Mufflers
122/1, Arhat's Tekko
122/2, Dragon Fng. Gnt.
125/21, Rasetsu Tekko
125/22, Crimson Fng. Gnt.
125/23, Adaman Mufflers
125/24, Ogre Gloves
125/25, Kng. Handschuhs
125/68, War Gloves
127/99, Yasha Tekko
127/100, Seiryu's Kote
127/101, Hecatomb Mittens
127/102, Errant Cuffs
127/103, Fsh. Gloves
127/104, Chocobo Gloves
127/105, Vgd. Gloves
130/37, Field Gloves
130/38, Shura Kote
130/39, Zenith Mitts
130/40, Cpc. Gauntlets
130/41, Dusk Gloves
130/42, Dragon Mittens
135/52, Warrior's Mufflers (WAR AF2)
135/53, Melee Gloves (MNK AF2)
135/54, Cleric's Mitts (WHM AF2)
135/55, Sorcerer's Gloves (BLM AF2)
135/56, Duelist's Gloves (RDM AF2)
135/57, Assassin's Armlets (THF AF2)
135/58, Valor Gauntlets (PLD AF2)
135/59, Abyss Gauntlets (DRK AF2)
135/60, Monster Gloves (BST AF2)
135/61, Bard's Cuffs (BRD AF2)
135/62, Scout's Bracers (RNG AF2)
135/63, Saotome Kote (SAM AF2)
135/64, Koga Tekko (NIN AF2)
135/65, Wyrm Fng.Gnt. (DRG AF2)
135/66, Summoner's Brcr. (SMN AF2)
135/67, Scp. Gauntlets
135/68, Austere Cuffs
139/7, Carpenter's / Tanner's Gloves
139/8, Smithy's Mitts 
145/45, ??? Mitts
145/46, Shade Mittens
145/47, Garish Mitts
145/48, Seer's Mitts
145/49, ??? Gloves
145/50, Noct Gloves
146/29, Bison Wristbands
146/30, Sha'ir Gages
146/67, Barone Manopolas
146/106, Igqira Manillas
148/40, Eisenhentzes
149/69, Lord's Gauntlets
150/93, Hachiman Kote
150/94, Blessed Mitts
151/69, Wise Gloves
153/40, Unicorn Mittens
153/77, Trader's Cuffs
154/90, Alumine Moufles
155/16, Black Gadlings
157/118, Nashira Gages
158/60, Homam Manopolas
158/113, Trader's Cuffs (Black)
159/20, Crow Bracers
154/32, Hydra Moufles
160/88, Hydra Bracers
164/10, Magus Bazubands (BLU AF1)
164/11, Corsair's Gants (COR AF1)
162/83, Pup. Dastanas (PUP AF1)
164/12, Sipahi Dastanas
163/82, Jaridah Bazubands
166/78, Amir Kolluks
166/79, Pln. Dastanas
166/80, Yigit Gages
174/120, Ares's Gauntlets
174/121, Skadi's Bazubands
176/37, Usukane Gote
176/38, Marduk's Dastanas
176/39, Morrigan's Cuffs
183/50, Askar Manopolas
182/38, Denali Wristbands
183/51, Goliard Cuffs
185/117, Shadow Gauntlets
186/27, Shadow Cuffs
157/50, (None - use with swimsuit)