57/58, None
57/59, Leather Trousers
57/60, Cuisses
57/61, Slacks
57/62, Shinobi Hakama
57/63, Chain Hose
57/64, Lizard Trousers
57/65, Raptor Trousers
57/66, Initial
57/67, Haidate
57/68, Linen Slacks
57/69, White Slacks
57/70, Ryl.Sqr. Breeches
57/71, Ryl.Kgt. Breeches
57/72, Iron Subligar
57/73, Bronze Subligar
57/74, Bone Subligar
57/75, Sitabaki
57/76, Wool Slops
57/77, Tct.Mgc. Slops
57/78, Slops
57/79, Brais
57/80, Darksteel Cuisses
57/81, Hose
57/82, Battle Hose
57/83, Irn.Msk. Cuisses
57/84, Ctr. Cuisses
57/85, Gavial Cuisses
57/86, Scale Cuisses
57/87, Mythril Cuisses
57/88, Race Specific
94/106, Fighter's Cuisses (WAR AF1)
94/107, Temple Gaiters (MNK AF1)
94/108, Healer's Pantaln. (WHM AF1)
94/109, Wizard's Tonban (BLM AF1)
94/110, Warlock's Tights (RDM AF1)
94/111, Rogue's Culotte (THF AF1)
96/124, Gallant Breeches (PLD AF1)
96/125, Chaos Flanchard (DRK AF1)
96/126, Beast Trousers (BST AF1)
96/127, Choral Cannions (BRD AF1)
97/0, Hunter's Braccae (RNG AF1)
99/101, Myochin Haidate (SAM AF1)
99/102, Ninja Hakama (NIN AF1)
99/103, Drachen Brais (DRG AF1)
99/104, Evoker's Spats (SMN AF1)
119/46, Tiger Trousers
119/47, Iron Cuisses
122/3, Steel Cuisses
122/4, Coeurl Trousers
122/5, Adaman Cuisses
122/6, Coral Subligar
122/7, Noble's Slacks
122/8, Thick Breeches
122/9, Arhat's Hakama
122/10, Dragon Cuisses
125/26, Rst. Hakama
125/27, Crimson Cuisses
125/28, Adaman Breeches
125/29, Ogre Trousers
125/30, Koenig Diechlings
125/69, War Brais
127/106, Yasha Hakama
127/107, Byakko's Haidate
127/108, Hecatomb Subligar
127/109, Errant Slops
127/110, Fisherman's Hose
127/111, Chocobo Hose
127/112, Vagabond's Hose
130/43, Field Hose
130/44, Shura Haidate
130/45, Zenith Slacks
130/46, Dusk Trousers
130/47, Dragon Subligar
135/69, Warrior's Cuisses (WAR AF2)
135/70, Melee Hose (MNK AF2)
135/71, Cleric's Pantaln. (WHM AF2)
135/72, Sorcerer's Tonban (BLM AF2)
135/73, Duelist's Tights (RDM AF2)
135/74, Assassin's Culotte (THF AF2)
135/75, Valor Breeches (PLD AF2)
135/76, Abyss Flanchard (DRK AF2)
135/77, Monster Trousers (BST AF2)
135/78, Bard's Cannions (BRD AF2)
135/79, Scout's Braccae (RNG AF2)
135/80, Saotome Haidate (SAM AF2)
135/81, Koga Hakama (NIN AF2)
135/82, Wyrm Brais (DRG AF2)
135/83, Summoner's Spats (SMN AF2)
135/84, Austere Slops
145/51, ??? Tights
145/52, Shade Tights
145/53, Garish Slacks
145/54, Seer's Slacks
145/55, ??? Brais
145/56, Noct Brais
146/31, Bison Kecks
146/32, Sha'ir Seraweels
146/68, Barone Cosciales
146/107, Igqira Lappa
148/41, Eisendiechlings
149/70, Lord's Cuisses
150/2, Sidereal Subligar
149/123, Vir Subligar
150/95, Hachiman Hakama
150/96, Blessed Trousers
151/70, Wise Braconi
153/41, Unicorn Subligar
153/78, Trader's Slops
154/91, Alumine Brayettes
155/17, Black Cuisses
157/119, Nashira Seraweels
158/61, Homam Cosciales
158/114, Trader's Slops (Black)
159/21, Crow Hose
154/33, Hydra Brayettes
160/89, Hydra Hose
157/41, Galka Trunks
164/13, Magus Shalwar (BLU AF1)
164/14, Corsair's Culotte (COR AF1)
162/84, Pup. Churidars (PUP AF1)
164/15, Sipahi Zerehs
163/83, Jaridah Salvars
166/81, Amir Dirs
166/82, Pln. Seraweels
166/83, Yigit Seraweels
174/122, Ares's Flanchard
174/123, Skadi's Chausses
176/40, Usukane Hizayoroi
176/41, Marduk's Shalwar
176/42, Morrigan's Slops
183/52, Askar Dirs
182/39, Denali Kecks
183/53, Goliard Trews
185/118, Shadow Cuishes
186/28, Shadow Trews