42/56, None
42/57, Leather Vest
42/58, Breastplate
42/59, Tunic
42/60, Shinobi Gi
42/61, Chainmail
42/62, Lizard Jerkin
42/63, Raptor Jerkin
42/64, Initial
42/65, Hara-Ate
42/66, Cloak
42/67, Silk Cloak
42/68, Ryl.Sqr. Chainmail
42/69, Ryl.Kgt. Chainmail
42/70, Padded Armor
42/71, Bronze Harness
42/72, Bone Harness
42/73, Kenpogi
42/74, Wool Robe
42/75, Tct.Mgc. Coat
42/76, Robe
42/77, Doublet
42/78, Darksteel Cuirass
42/79, Gambison
42/80, Battle Jupon
42/81, Irn.Msk. Cuirass
42/82, Ctr. Scale Mail
42/83, Gavial Mail
42/84, Scale Mail
42/85, Mtl. Breastplate
42/86, Race Specific
42/87, Adm. Breastplate
42/88, Cardinal Vest
42/89, Scorpion Harness
42/90, Demon's Harness
42/91, Lord's Cuirass
42/92, Jujitsu Gi
42/93, Ryl.Kgt. Aketon
42/94, Aketon
42/95, Haubergeon
42/96, Byrnie
42/97, War Shinobi Gi
42/98, Earth Doublet
42/99, Brigandine
93/112, Justaucorps
93/113, Black Cloak
93/114, Vermillion Cloak
93/115, Blue Cotehardie
93/116, Black Cotehardie
93/117, Fighter's Lorica (WAR AF1)
93/118, Temple Cyclas (MNK AF1)
93/119, Healer's Briault (WHM AF1)
93/120, Wizard's Coat (BLM AF1)
93/121, Warlock's Tabard (RDM AF1)
93/122, Rogue's Vest (THF AF1)
96/39, Gallant Surcoat (PLD AF1)
96/40, Chaos Cuirass (DRK AF1)
96/41, Beast Jackcoat (BST AF1)
96/42, Choral Jstcorps (BRD AF1)
96/43, Hunter's Jerkin (RNG AF1)
98/124, Myochin Domaru (SAM AF1)
98/125, Ninja Chainmail (NIN AF1)
98/126, Drachen Mail (DRG AF1)
98/127, Evoker's Doublet (SMN AF1)
119/18, Tiger Jerkin
119/19, Iron Scale Mail
120/107, Steel Scale Mail
120/108, Coeurl Jerkin
120/109, Adaman Cuirass
120/110, Coral Harness
120/111, Noble's Tunic
120/112, Hauberk
120/113, Arhat's Gi
120/114, Dragon Mail
124/69, Rasetsu Samue
124/70, Crm. Scale Mail
124/71, Adaman Hauberk
124/72, Ogre Jerkin
124/73, Koenig Cuirass
125/52, War Aketon
126/87, Holy Breastplate
126/88, Yasha Samue
126/89, Kirin's Osode
126/90, Hecatomb Harness
126/91, Errant Hpl.
126/92, Fsh. Tunica
126/93, Choc. Jack Coat
126/94, Vgd. Tunica
129/69, Field Tunica
129/70, Shura Togi
129/71, Dalmatica
129/72, Cpc. Breastplate
129/73, Dusk Jerkin
129/74, Dragon Harness
133/28, Warrior's Lorica (WAR AF2)
133/29, Melee Cyclas (MNK AF2)
133/30, Cleric's Briault (WHM AF2)
133/31, Sorcerer's Coat (BLM AF2)
133/32, Duelist's Tabard (RDM AF2)
133/33, Assassin's Vest (THF AF2)
133/34, Valor Surcoat (PLD AF2)
133/35, Abyss Cuirass (DRK AF2)
133/36, Monster Jackcoat (BST AF2)
133/37, Bard's Jstcorps (BRD AF2)
133/38, Scout's Jerkin (RNG AF2)
133/39, Saotome Domaru (SAM AF2)
133/40, Koga Chainmail (NIN AF2)
133/41, Wyrm Mail (DRG AF2)
133/42, Summoner's Dblt. (SMN AF2)
133/43, Scp. Breastplate
133/44, Austere Robe
137/101, Kingdom Aketon
137/102, Federation Aketon
137/103, Republic Aketon
137/104, Carpenter's Apron
137/105, Blacksmith's Apn.
137/106, Weaver's Apron
137/107, Alchemist's Apron
137/108, Boneworker's Apn.
137/109, Fisherman's Apron
137/110, Tanner's Apron
137/111, Culinarian's Apron
137/112, Goldsmith's Apron
144/59, ??? Harness
144/60, Shade Harness
144/61, Garish Tunic
144/62, Seer's Tunic
144/63, Cerise Doublet
144/64, Noct Doublet
145/119, Bison Jacket
145/120, Sha'ir Manteel
146/51, Barone Corazza
146/90, Igqira Weskit
148/24, Eisenbrust
150/55, Hachiman Domaru
150/56, Blessed Briault
151/53, Chasuble
153/24, Unicorn Harness
153/61, Trader's Saio
154/68, Alumine Haubert
155/0, Plastron
157/94, Nashira Manteel
158/35, Homam Corazza
158/97, Trader's Saio (Black)
159/4, Crow Jupon
159/88, Dream Robe
153/120, Hydra Haubert
160/72, Hydra Jupon
157/28, Elvaan Top
143/23, Omina Yukata
162/64, Magus Jubbah (BLU AF1)
162/65, Corsair's Frac (COR AF1)
162/66, Pup. Tobe (PUP AF1)
163/35, Sipahi Jawshan
163/36, Jaridah Peti
166/27, Amir Korazin
166/28, Pln. Khazagand
166/29, Yigit Gomlek
170/88, Corselet
170/89, Kyudogi
174/88, Ares's Cuirass
174/89, Skadi's Cuirie
175/117, Usukane Haramaki
175/118, Marduk's Jubbah
175/119, Morrigan's Robe
182/122,Askar Korazin
182/19,Denali Jacket
182/123,Goliard Saio
185/101, Shadow Breastplate
186/8, Shadow Coat
184/74, Valhalla Breastplate
182/114, Chocobo Vest (yellow)
182/115, Chocobo Vest (black)
182/116, Chocobo Vest (purple)
182/117, Chocobo Vest (light blue) 
182/118, Chocobo Vest (blue)
182/119, Chocobo Vest (red)
182/120, Chocobo Vest (white)
182/121, Chocobo Vest (green)
133/45, Opaline Dress