42/25, None
42/26, Leather Bandana
42/27, Sallet
42/28, Shinobi Hachigane
42/29, Iron Mask
42/30, Lizard Helm
42/31, Raptor Helm
42/32, Zunari Kabuto
42/33, Ryl. Squire's Helm
42/34, Ryl.Kgt. Bascinet
42/35, Padded Cap
42/36, Bronze Cap
42/37, Bone Mask
42/38, Hachimaki
42/39, Wool Hat
42/40, Tct.Mgc. Hat
42/41, Circlet
42/42, Headgear
42/43, Darksteel Armet
42/44, Red Cap
42/45, Green Beret
42/46, Irn.Msk. Armet
42/47, Centurion's Visor
42/48, Gavial Mask
42/49, Faceguard
42/50, Mythril Sallet
42/51, Blue Ribbon
42/52, Purple Ribbon
42/53, Green Ribbon
42/54, Black Ribbon
42/55, Scarlet Ribbon
93/106, Fighter's Mask (WAR AF1)
93/107, Temple Crown (MNK AF1)
93/108, Healer's Cap (WHM AF1)
93/109, Wizard's Petasos (BLM AF1)
93/110, Warlock's Chapeau (RDM AF1)
93/111, Rogue's Bonnet (THF AF1)
96/34, Gallant Coronet (PLD AF1)
96/35, Chaos Burgeonet (DRK AF1)
96/36, Beast Helm (BST AF1)
96/37, Choral Roundlet (BRD AF1)
96/38, Hunter's Beret (RNG AF1)
98/120, Myochin Kabuto (SAM AF1)
98/121, Ninja Hatsuburi (NIN AF1)
98/122, Drachen Armet (DRG AF1)
98/123, Evoker's Horn (SMN AF1)
120/100, Coeurl Mask
120/101, Adaman Barbuta
120/102, Coral Cap
120/103, Noble's Crown
120/104, Celata
120/105, Arhat's Jinpachi
120/106, Dragon Mask
124/64, Rst. Jinpachi
124/65, Crimson Mask
124/66, Adaman Celata
124/67, Ogre Mask
124/68, Koenig Schaller
125/51, War Beret
126/82, Pumpkin Head
126/83, Roshi Jinpachi
126/84, Genbu's Kabuto
126/85, Hecatomb Cap
126/86, Errant Hat
129/61, Tiger Mask
129/62, Wyvern Helm
129/63, Demon Helm
129/64, Shr.Znr.Kabuto
129/65, Zenith Crown
129/66, Carapace Helm
129/67, Dusk Mask
129/68, Dragon Cap
133/10, Warrior's Mask (WAR AF2)
133/11, Melee Crown (MNK AF2)
133/12, Cleric's Cap (WHM AF2)
133/13, Sorcerer's Petas. (BLM AF2)
133/14, Duelist's Chapeau (RDM AF2)
133/15, Assassin's Bonnet (THF AF2)
133/16, Valor Coronet (PLD AF2)
133/17, Abyss Burgeonet (DRK AF2)
133/18, Monster Helm (BST AF2)
133/19, Bard's Roundlet (BRD AF2)
133/20, Scout's Beret (RNG AF2)
133/21, Saotome Kabuto (SAM AF2)
133/22, Koga Hatsuburi (NIN AF2)
133/23, Wyrm Armet (DRG AF2)
133/24, Summoner's Horn (SMN AF2)
133/25, Scorpion Helm
133/26, Austere Hat
137/95, Panther Mask
137/96, Opo-opo Crown
137/97, Magnifying Specs.
137/98, Protective Specs.
137/99, Chef's Hat
137/100, Shaded Specs.
144/55, Garish Crown
144/56, Seer's Crown
144/57, ??? Beret
144/58, Noct Beret 
145/115, ??? Tiara
145/116, Shade Tiara
145/117, Bison Warbonnet
145/118, Sha'ir Turban
146/50, Barone Zucchetto
146/89, Igqira Tiara
148/23, Eisenschaller
149/32, Lord's Armet
149/111, Dream Hat
150/54, Hachiman Jinpachi
151/52, Wise Cap
153/23, Unicorn Cap
153/60, Trader's Chapeau
154/67, Alumine Salade
154/127, Black Sallet
155/70, Maat's Cap
155/71, Mandragora Beret
155/72, Guide Beret
152/71, Orc Helm
152/72, Yagudo Headgear
152/54, Goblin Coif
152/73, Quadav Barbut
156/90, Stars Cap
156/106, Laurel Crown
157/93, Nashira Turban
158/34, Homam Zucchetto
158/96, Trader's Chapeau (Black)
159/3, Crow Beret
153/119, Hydra Moufles
160/71, Hydra Cap
162/61, Magus Keffiyeh (BLU AF1)
162/62, Corsair's Tricorne (COR AF1)
162/63, Pup. Taj (PUP AF1)
163/33, Sipahi Turban
163/34, Jaridah Khud
166/24, Amir Puggaree
166/25, Pln. Qalansuwa
166/26, Yigit Turban
170/110, Witch Hat
174/86, Ares's Mask
174/87, Skadi's Visor
175/114, Usukane Somen
175/115, Marduk's Tiara
175/116, Morrigan's Coronal
182/112, Askar Zucchetto
182/17, Denali Bonnet
182/113, Goliard Chapeau
182/18, Egg helm
185/100, Shadow Helm
186/7, Shadow Hat
186/6, Valhalla Helm
133/27, Lilac Corsage