43/3, None
43/4, Leather Trousers
43/5, Cuisses
43/6, Slacks
43/7, Shinobi Hakama
43/8, Chain Hose
43/9, Lizard Trousers
43/10, Raptor Trousers
43/11, Initial
43/12, Haidate
43/13, Linen Slacks
43/14, White Slacks
43/15, Ryl.Sqr. Breeches
43/16, Ryl.Kgt. Breeches
43/17, Iron Subligar
43/18, Bronze Subligar
43/19, Bone Subligar
43/20, Sitabaki
43/21, Wool Slops
43/22, Tct.Mgc. Slops
43/23, Slops
43/24, Brais
43/25, Darksteel Cuisses
43/26, Hose
43/27, Battle Hose
43/28, Irn.Msk. Cuisses
43/29, Ctr. Cuisses
43/30, Gavial Cuisses
43/31, Scale Cuisses
43/32, Mythril Cuisses
43/33, Race Specific
94/1, Fighter's Cuisses (WAR AF1)
94/2, Temple Gaiters (MNK AF1)
94/3, Healer's Pantaln. (WHM AF1)
94/4, Wizard's Tonban (BLM AF1)
94/5, Warlock's Tights (RDM AF1)
94/6, Rogue's Culotte (THF AF1)
96/49, Gallant Breeches (PLD AF1)
96/50, Chaos Flanchard (DRK AF1)
96/51, Beast Trousers (BST AF1)
96/52, Choral Cannions (BRD AF1)
96/53, Hunter's Braccae (RNG AF1)
99/4, Myochin Haidate (SAM AF1)
99/5, Ninja Hakama (NIN AF1)
99/6, Drachen Brais (DRG AF1)
99/7, Evoker's Spats (SMN AF1)
119/22, Tiger Trousers
119/23, Iron Cuisses
120/123, Steel Cuisses
120/124, Coeurl Trousers
120/125, Adaman Cuisses
120/126, Coral Subligar
120/127, Noble's Slacks
121/0, Thick Breeches
121/1, Arhat's Hakama
121/2, Dragon Cuisses
124/79, Rst. Hakama
124/80, Crimson Cuisses
124/81, Adaman Breeches
124/82, Ogre Trousers
124/83, Koenig Diechlings
125/54, War Brais
126/102, Yasha Hakama
126/103, Byakko's Haidate
126/104, Hecatomb Subligar
126/105, Errant Slops
126/106, Fisherman's Hose
126/107, Chocobo Hose
126/108, Vagabond's Hose
129/81, Field Hose
129/82, Shura Haidate
129/83, Zenith Slacks
129/84, Dusk Trousers
129/85, Dragon Subligar
133/64, Warrior's Cuisses (WAR AF2)
133/65, Melee Hose (MNK AF2)
133/66, Cleric's Pantaln. (WHM AF2)
133/67, Sorcerer's Tonban (BLM AF2)
133/68, Duelist's Tights (RDM AF2)
133/69, Assassin's Culotte (THF AF2)
133/70, Valor Breeches (PLD AF2)
133/71, Abyss Flanchard (DRK AF2)
133/72, Monster Trousers (BST AF2)
133/73, Bard's Cannions (BRD AF2)
133/74, Scout's Braccae (RNG AF2)
133/75, Saotome Haidate (SAM AF2)
133/76, Koga Hakama (NIN AF2)
133/77, Wyrm Brais (DRG AF2)
133/78, Summoner's Spats (SMN AF2)
133/79, Austere Slops
144/71, ??? Tights
144/72, Shade Tights
144/73, Garish Slacks
144/74, Seer's Slacks
144/75, ??? Brais
144/76, Noct Brais
145/123, Bison Kecks
145/124, Sha'ir Seraweels
146/53, Barone Cosciales
146/92, Igqira Lappa
148/26, Eisendiechlings
149/34, Lord's Cuisses
149/127, Sidereal Subligar
149/120, Femina Subligar
150/59, Hachiman Hakama
150/60, Blessed Trousers
151/55, Wise Braconi
153/26, Unicorn Subligar
153/63, Trader's Slops
154/70, Alumine Brayettes
155/2, Black Cuisses
157/96, Nashira Seraweels
158/37, Homam Cosciales
158/99, Trader's Slops (Black)
159/6, Crow Hose
153/122, Hydra Brayettes
160/74, Hydra Hose
157/30, Elvaan Shorts
162/70, Magus Shalwar (BLU AF1)
162/71, Corsair's Culotte (COR AF1)
162/72, Pup. Churidars (PUP AF1)
163/39, Sipahi Zerehs
163/40, Jaridah Salvars
166/33, Amir Dirs
166/34, Pln. Seraweels
166/35, Yigit Seraweels
174/92, Ares's Flanchard
174/93, Skadi's Chausses
175/123, Usukane Hizayoroi
175/124, Marduk's Shalwar
175/125, Morrigan's Slops
182/126, Askar Dirs
182/21, Denali Kecks
182/127, Goliard Trews
185/103, Shadow Cuishes
186/10, Shadow Trews
133/80, Opaline Hose