28/7, None
28/8, Leather Vest
28/9, Breastplate
28/10, Tunic
28/11, Shinobi Gi
28/12, Chainmail
28/13, Lizard Jerkin
28/14, Raptor Jerkin
28/15, Initial
28/16, Hara-Ate
28/17, Cloak
28/18, Silk Cloak
28/19, Ryl.Sqr. Chainmail
28/20, Ryl.Kgt. Chainmail
28/21, Padded Armor
28/22, Bronze Harness
28/23, Bone Harness
28/24, Kenpogi
28/25, Wool Robe
28/26, Tct.Mgc. Coat
28/27, Robe
28/28, Doublet
28/29, Darksteel Cuirass
28/30, Gambison
28/31, Battle Jupon
28/32, Irn.Msk. Cuirass
28/33, Ctr. Scale Mail
28/34, Gavial Mail
28/35, Scale Mail
28/36, Mtl. Breastplate
28/38, Race Specific
28/39, Adm. Breastplate
28/40, Cardinal Vest
28/41, Scorpion Harness
28/42, Demon's Harness
28/43, Lord's Cuirass
28/44, Jujitsu Gi
28/45, Ryl.Kgt. Aketon
28/46, Aketon
28/47, Haubergeon
28/48, Byrnie
28/49, War Shinobi Gi
28/50, Earth Doublet
28/51, Brigandine
93/5, Justaucorps
93/6, Black Cloak
93/7, Vermillion Cloak
93/8, Blue Cotehardie
93/9, Black Cotehardie
93/10, Fighter's Lorica (WAR AF1)
93/11, Temple Cyclas (MNK AF1)
93/12, Healer's Briault (WHM AF1)
93/13, Wizard's Coat (BLM AF1)
93/14, Warlock's Tabard (RDM AF1)
93/15, Rogue's Vest (THF AF1)
95/92, Gallant Surcoat (PLD AF1)
95/93, Chaos Cuirass (DRK AF1)
95/94, Beast Jackcoat (BST AF1)
95/95, Choral Jstcorps (BRD AF1)
95/96, Hunter's Jerkin (RNG AF1)
98/31, Myochin Domaru (SAM AF1)
98/32, Ninja Chainmail (NIN AF1)
98/33, Drachen Mail (DRG AF1)
98/34, Evoker's Doublet (SMN AF1)
118/122, Tiger Jerkin
118/123, Iron Scale Mail
119/100, Steel Scale Mail
119/101, Coeurl Jerkin
119/102, Adaman Cuirass
119/103, Coral Harness
119/104, Noble's Tunic
119/105, Hauberk
119/106, Arhat's Gi
119/107, Dragon Mail
123/122, Rasetsu Samue
123/123, Crm. Scale Mail
123/124, Adaman Hauberk
123/125, Ogre Jerkin
123/126, Koenig Cuirass
125/37, War Aketon
125/83, Holy Breastplate
125/84, Yasha Samue
125/85, Kirin's Osode
125/86, Hecatomb Harness
125/87, Errant Hpl.
125/88, Fsh. Tunica
125/89, Choc. Jack Coat
125/90, Vgd. Tunica
128/107, Field Tunica
128/108, Shura Togi
128/109, Dalmatica
128/110, Cpc. Breastplate
128/111, Dusk Jerkin
128/112, Dragon Harness
131/29, Warrior's Lorica (WAR AF2)
131/30, Melee Cyclas (MNK AF2)
131/31, Cleric's Briault (WHM AF2)
131/32, Sorcerer's Coat (BLM AF2)
131/33, Duelist's Tabard (RDM AF2)
131/34, Assassin's Vest (THF AF2)
131/35, Valor Surcoat (PLD AF2)
131/36, Abyss Cuirass (DRK AF2)
131/37, Monster Jackcoat (BST AF2)
131/38, Bard's Jstcorps (BRD AF2)
131/39, Scout's Jerkin (RNG AF2)
131/40, Saotome Domaru (SAM AF2)
131/41, Koga Chainmail (NIN AF2)
131/42, Wyrm Mail (DRG AF2)
131/43, Summoner's Dblt. (SMN AF2)
131/44, Scp. Breastplate
131/45, Austere Robe
136/87, Kingdom Aketon
136/88, Federation Aketon
136/89, Republic Aketon
136/90, Carpenter's Apron
136/91, Blacksmith's Apn.
136/92, Weaver's Apron
136/93, Alchemist's Apron
136/94, Boneworker's Apn.
136/95, Fisherman's Apron
136/96, Tanner's Apron
136/97, Culinarian's Apron
136/98, Goldsmith's Apron
143/79, ??? Harness
143/80, Shade Harness
143/81, Garish Tunic
143/82, Seer's Tunic
143/83, Cerise Doublet
143/84, Noct Doublet
145/83, Bison Jacket
145/84, Sha'ir Manteel
146/36, Barone Corazza
146/75, Igqira Weskit
148/9, Eisenbrust
150/19, Hachiman Domaru
150/20, Blessed Briault
151/38, Chasuble
153/9, Unicorn Harness
153/46, Trader's Saio
154/50, Alumine Haubert
154/113, Plastron
157/76, Nashira Manteel
158/11, Homam Corazza
158/82, Trader's Saio (Black)
158/117, Crow Jupon
159/85, Dream Robe
153/87, Hydra Haubert
160/57, Hydra Jupon
157/19, Hume Gilet
143/8, Onoko Yukata
157/58, Magus Jubbah (BLU AF1)
160/92, Corsair's Frac (COR AF1)
163/92, Pup. Tobe (PUP AF1)
161/22, Sipahi Jawshan
161/24, Jaridah Peti
161/23, Amir Korazin
165/29, Pln. Khazagand
164/103, Yigit Gomlek
164/102, Jaridah Peti
170/82, Corselet
170/83, Kyudogi
174/31, Ares's Cuirass
174/32, Skadi's Cuirie
174/52, Usukane Haramaki
174/53, Marduk's Jubbah
174/54, Morrigan's Robe
182/68, Askar Korazin
182/1, Denali Jacket
182/69, Goliard Saio
185/82, Shadow Breastplate
185/83, Shadow Coat
184/71, Valhalla Breastplate
181/60, Chocobo Vest (yellow)
181/61, Chocobo Vest (black)
181/62, Chocobo Vest (purple)
181/63, Chocobo Vest (light blue)
181/64, Chocobo Vest (blue)
181/65, Chocobo Vest (red)
181/66, Chocobo Vest (white)
181/67, Chocobo Vest (green)
28/37, Judge's Cuirass (GM)