28/52, None
28/53, Leather Gloves
28/54, Gauntlets
28/55, Mitts
28/56, Shinobi Tekko
28/57, Chain Mittens
28/58, Lizard Gloves
28/59, Raptor Gloves
28/60, Initial
28/61, Kote
28/62, Linen Mitts
28/63, Black Mitts
28/64, Ryl.Sqr. Mufflers
28/65, Ryl.Kgt. Mufflers
28/66, Iron Mittens
28/67, Bronze Mittens
28/68, Bone Mittens
28/69, Tekko
28/70, Wool Cuffs
28/71, Tct.Mgc. Cuffs
28/72, Cuffs
28/73, Gloves
28/74, Dst. Gauntlets
28/75, Bracers
28/76, Battle Bracers
28/77, Irn.Msk. Gauntlets
28/78, Ctr. F. Gauntlets
28/79, Gavial Fng. Gnt.
28/80, Scale Fng. Gnt.
28/81, Mythril Gauntlets
28/83, Race Specific
93/16, Fighter's Mufflers (WAR AF1)
93/17, Temple Gloves (MNK AF1)
93/18, Healer's Mitts (WHM AF1)
93/19, Wizard's Gloves (BLM AF1)
93/20, Warlock's Gloves (RDM AF1)
93/21, Rogue's Armlets (THF AF1)
95/97, Gallant Gauntlets (PLD AF1)
95/98, Chaos Gauntlets (DRK AF1)
95/99, Beast Gloves (BST AF1)
95/100, Choral Cuffs (BRD AF1)
95/101, Hunter's Bracers (RNG AF1)
98/35, Myochin Kote (SAM AF1)
98/36, Ninja Tekko (NIN AF1)
98/37, Drachen Fng. Gnt. (DRG AF1)
98/38, Evoker's Bracers (SMN AF1)
118/124, Tiger Gloves
118/125, Iron Fng. Gnt.
119/108, Steel Fng. Gnt.
119/109, Coeurl Gloves
119/110, Adaman Gauntlets
119/111, Coral Mittens
119/112, Noble's Mitts
119/113, Thick Mufflers
119/114, Arhat's Tekko
119/115, Dragon Fng. Gnt.
123/127, Rasetsu Tekko
124/0, Crimson Fng. Gnt.
124/1, Adaman Mufflers
124/2, Ogre Gloves
124/3, Kng. Handschuhs
125/38, War Gloves
125/91, Yasha Tekko
125/92, Seiryu's Kote
125/93, Hecatomb Mittens
125/94, Errant Cuffs
125/95, Fsh. Gloves
125/96, Chocobo Gloves
125/97, Vgd. Gloves
128/113, Field Gloves
128/114, Shura Kote
128/115, Zenith Mitts
128/116, Cpc. Gauntlets
128/117, Dusk Gloves
128/118, Dragon Mittens
131/46, Warrior's Mufflers (WAR AF2)
131/47, Melee Gloves (MNK AF2)
131/48, Cleric's Mitts (WHM AF2)
131/49, Sorcerer's Gloves (BLM AF2)
131/50, Duelist's Gloves (RDM AF2)
131/51, Assassin's Armlets (THF AF2)
131/52, Valor Gauntlets (PLD AF2)
131/53, Abyss Gauntlets (DRK AF2)
131/54, Monster Gloves (BST AF2)
131/55, Bard's Cuffs (BRD AF2)
131/56, Scout's Bracers (RNG AF2)
131/57, Saotome Kote (SAM AF2)
131/58, Koga Tekko (NIN AF2)
131/59, Wyrm Fng.Gnt. (DRG AF2)
131/60, Summoner's Brcr. (SMN AF2)
131/61, Scp. Gauntlets
131/62, Austere Cuffs
136/99, Carpenter's / Tanner's Gloves
136/100, Smithy's Mitts 
143/85, ??? Mitts
143/86, Shade Mittens
143/87, Garish Mitts
143/88, Seer's Mitts
143/89, ??? Gloves
143/90, Noct Gloves
145/85, Bison Wristbands
145/86, Sha'ir Gages
146/37, Barone Manopolas
146/76, Igqira Manillas
148/10, Eisenhentzes
148/125, Lord's Gauntlets
150/21, Hachiman Kote
150/22, Blessed Mitts
151/39, Wise Gloves
153/10, Unicorn Mittens
153/47, Trader's Cuffs
154/51, Alumine Moufles
154/114, Black Gadlings
157/77, Nashira Gages
158/12, Homam Manopolas
158/83, Trader's Cuffs (Black)
158/118, Crow Bracers
153/88, Hydra Moufles
160/58, Hydra Bracers
157/59, Magus Bazubands (BLU AF1)
160/93, Corsair's Gants (COR AF1)
163/93, Pup. Dastanas (PUP AF1)
161/25, Sipahi Dastanas
161/27, Jaridah Bazubands
161/26, Amir Kolluks
165/30, Pln. Dastanas
164/105, Yigit Gages
164/104, Jaridah Bazubands (Gray)
174/33, Ares's Gauntlets
174/34, Skadi's Bazubands
174/55, Usukane Gote
174/56, Marduk's Dastanas
174/57, Morrigan's Cuffs
182/70, Askar Manopolas
182/2, Denali Wristbands
182/71, Goliard Cuffs
185/84, Shadow Gauntlets
185/85, Shadow Cuffs
157/42, (None - use with swimsuit)
28/82, Judge's Gauntlets (GM)