27/103, None
27/104, Leather Bandana
27/105, Sallet
27/106, Shinobi Hachigane
27/107, Iron Mask
27/108, Lizard Helm
27/109, Raptor Helm
27/110, Zunari Kabuto
27/111, Ryl. Squire's Helm
27/112, Ryl.Kgt. Bascinet
27/113, Padded Cap
27/114, Bronze Cap
27/115, Bone Mask
27/116, Hachimaki
27/117, Wool Hat
27/118, Tct.Mgc. Hat
27/119, Circlet
27/120, Headgear
27/121, Darksteel Armet
27/122, Red Cap
27/123, Green Beret
27/124, Irn.Msk. Armet
27/125, Centurion's Visor
27/126, Gavial Mask
27/127, Faceguard
28/0, Mythril Sallet
28/2, Blue Ribbon
28/3, Purple Ribbon
28/4, Green Ribbon
28/5, Black Ribbon
28/6, Scarlet Ribbon
92/127, Fighter's Mask (WAR AF1)
93/0, Temple Crown (MNK AF1)
93/1, Healer's Cap (WHM AF1)
93/2, Wizard's Petasos (BLM AF1)
93/3, Warlock's Chapeau (RDM AF1)
93/4, Rogue's Bonnet (THF AF1)
95/87, Gallant Coronet (PLD AF1)
95/88, Chaos Burgeonet (DRK AF1)
95/89, Beast Helm (BST AF1)
95/90, Choral Roundlet (BRD AF1)
95/91, Hunter's Beret (RNG AF1)
98/27, Myochin Kabuto (SAM AF1)
98/28, Ninja Hatsuburi (NIN AF1)
98/29, Drachen Armet (DRG AF1)
98/30, Evoker's Horn (SMN AF1)
119/93, Coeurl Mask
119/94, Adaman Barbuta
119/95, Coral Cap
119/96, Noble's Crown
119/97, Celata
119/98, Arhat's Jinpachi
119/99, Dragon Mask
123/117, Rst. Jinpachi
123/118, Crimson Mask
123/119, Adaman Celata
123/120, Ogre Mask
123/121, Koenig Schaller
125/36, War Beret
125/78, Pumpkin Head
125/79, Roshi Jinpachi
125/80, Genbu's Kabuto
125/81, Hecatomb Cap
125/82, Errant Hat
128/99, Tiger Mask
128/100, Wyvern Helm
128/101, Demon Helm
128/102, Shr.Znr.Kabuto
128/103, Zenith Crown
128/104, Carapace Helm
128/105, Dusk Mask
128/106, Dragon Cap
131/12, Warrior's Mask (WAR AF2)
131/13, Melee Crown (MNK AF2)
131/14, Cleric's Cap (WHM AF2)
131/15, Sorcerer's Petas. (BLM AF2)
131/16, Duelist's Chapeau (RDM AF2)
131/17, Assassin's Bonnet (THF AF2)
131/18, Valor Coronet (PLD AF2)
131/19, Abyss Burgeonet (DRK AF2)
131/20, Monster Helm (BST AF2)
131/21, Bard's Roundlet (BRD AF2)
131/22, Scout's Beret (RNG AF2)
131/23, Saotome Kabuto (SAM AF2)
131/24, Koga Hatsuburi (NIN AF2)
131/25, Wyrm Armet (DRG AF2)
131/26, Summoner's Horn (SMN AF2)
131/27, Scorpion Helm
131/28, Austere Hat
136/81, Panther Mask
136/82, Opo-opo Crown
136/83, Magnifying Specs.
136/84, Protective Specs.
136/85, Chef's Hat
136/86, Shaded Specs.
143/75, Garish Crown
143/76, Seer's Crown
143/77, ??? Beret
143/78, Noct Beret 
145/79, ??? Tiara
145/80, Shade Tiara
145/81, Bison Warbonnet
145/82, Sha'ir Turban
146/35, Barone Zucchetto
146/74, Igqira Tiara
148/8, Eisenschaller
148/124, Lord's Armet
149/108, Dream Hat
150/18, Hachiman Jinpachi
151/37, Wise Cap
153/8, Unicorn Cap
153/45, Trader's Chapeau
154/49, Alumine Salade
154/112, Black Sallet
155/61, Maat's Cap
155/62, Mandragora Beret
155/63, Guide Beret
152/62, Orc Helm
152/63, Yagudo Headgear
152/51, Goblin Coif
152/64, Quadav Barbut
156/87, Stars Cap
156/103, Laurel Crown
157/75, Nashira Turban
158/10, Homam Zucchetto
158/81, Trader's Chapeau (Black)
158/116, Crow Beret
153/86, Hydra Salade
160/56, Hydra Cap
157/57, Magus Keffiyeh (BLU AF1)
160/91, Corsair's Tricorne (COR AF1)
163/91, Pup. Taj (PUP AF1)
161/19, Sipahi Turban
161/21, Jaridah Khud
161/20, Amir Puggaree
165/28, Pln. Qalansuwa
164/101, Yigit Turban
164/100, Jaridah Khud
170/98, Witch Hat
174/29, Ares's Mask
174/30, Skadi's Visor
174/49, Usukane Somen
174/50, Marduk's Tiara
174/51, Morrigan's Coronal
182/0,Egg Helm
182/66, Askar Zucchetto
181/127, Denali Bonnet
182/67, Goliard Chapeau
185/80, Shadow Helm
185/81, Shadow Hat
185/79, Valhalla Helm
28/1, Judge's Helm (GM)