28/84, None
28/85, Leather Trousers
28/86, Cuisses
28/87, Slacks
28/88, Shinobi Hakama
28/89, Chain Hose
28/90, Lizard Trousers
28/91, Raptor Trousers
28/92, Initial
28/93, Haidate
28/94, Linen Slacks
28/95, White Slacks
28/96, Ryl.Sqr. Breeches
28/97, Ryl.Kgt. Breeches
28/98, Iron Subligar
28/99, Bronze Subligar
28/100, Bone Subligar
28/101, Sitabaki
28/102, Wool Slops
28/103, Tct.Mgc. Slops
28/104, Slops
28/105, Brais
28/106, Darksteel Cuisses
28/107, Hose
28/108, Battle Hose
28/109, Irn.Msk. Cuisses
28/110, Ctr. Cuisses
28/111, Gavial Cuisses
28/112, Scale Cuisses
28/113, Mythril Cuisses
28/115, Race Specific
93/22, Fighter's Cuisses (WAR AF1)
93/23, Temple Gaiters (MNK AF1)
93/24, Healer's Pantaln. (WHM AF1)
93/25, Wizard's Tonban (BLM AF1)
93/26, Warlock's Tights (RDM AF1)
93/27, Rogue's Culotte (THF AF1)
95/102, Gallant Breeches (PLD AF1)
95/103, Chaos Flanchard (DRK AF1)
95/104, Beast Trousers (BST AF1)
95/105, Choral Cannions (BRD AF1)
95/106, Hunter's Braccae (RNG AF1)
98/39, Myochin Haidate (SAM AF1)
98/40, Ninja Hakama (NIN AF1)
98/41, Drachen Brais (DRG AF1)
98/42, Evoker's Spats (SMN AF1)
118/126, Tiger Trousers
118/127, Iron Cuisses
119/116, Steel Cuisses
119/117, Coeurl Trousers
119/118, Adaman Cuisses
119/119, Coral Subligar
119/120, Noble's Slacks
119/121, Thick Breeches
119/122, Arhat's Hakama
119/123, Dragon Cuisses
124/4, Rst. Hakama
124/5, Crimson Cuisses
124/6, Adaman Breeches
124/7, Ogre Trousers
124/8, Koenig Diechlings
125/39, War Brais
125/98, Yasha Hakama
125/99, Byakko's Haidate
125/100, Hecatomb Subligar
125/101, Errant Slops
125/102, Fisherman's Hose
125/103, Chocobo Hose
125/104, Vagabond's Hose
128/119, Field Hose
128/120, Shura Haidate
128/121, Zenith Slacks
128/122, Dusk Trousers
128/123, Dragon Subligar
131/63, Warrior's Cuisses (WAR AF2)
131/64, Melee Hose (MNK AF2)
131/65, Cleric's Pantaln. (WHM AF2)
131/66, Sorcerer's Tonban (BLM AF2)
131/67, Duelist's Tights (RDM AF2)
131/68, Assassin's Culotte (THF AF2)
131/69, Valor Breeches (PLD AF2)
131/70, Abyss Flanchard (DRK AF2)
131/71, Monster Trousers (BST AF2)
131/72, Bard's Cannions (BRD AF2)
131/73, Scout's Braccae (RNG AF2)
131/74, Saotome Haidate (SAM AF2)
131/75, Koga Hakama (NIN AF2)
131/76, Wyrm Brais (DRG AF2)
131/77, Summoner's Spats (SMN AF2)
131/78, Austere Slops
143/91, ??? Tights
143/92, Shade Tights
143/93, Garish Slacks
143/94, Seer's Slacks
143/95, ??? Brais
143/96, Noct Brais
145/87, Bison Kecks
145/88, Sha'ir Seraweels
146/38, Barone Cosciales
146/77, Igqira Lappa
148/11, Eisendiechlings
148/126, Lord's Cuisses
149/124, Sidereal Subligar
149/117, Vir Subligar
150/23, Hachiman Hakama
150/24, Blessed Trousers
151/40, Wise Braconi
153/11, Unicorn Subligar
153/48, Trader's Slops
154/52, Alumine Brayettes
154/115, Black Cuisses
157/78, Nashira Seraweels
158/13, Homam Cosciales
158/84, Trader's Slops (Black)
158/119, Crow Hose
153/89, Hydra Brayettes
160/59, Hydra Hose
157/21, Hume Trunks
157/60, Magus Shalwar (BLU AF1)
160/94, Corsair's Culotte (COR AF1)
163/94, Pup. Churidars (PUP AF1)
161/28, Sipahi Zerehs
161/30, Jaridah Salvars
161/29, Amir Dirs
165/31, Pln. Seraweels
164/107, Yigit Seraweels
164/106, Jaridah Salvars (Gray)
174/35, Ares's Flanchard
174/36, Skadi's Chausses
174/58, Usukane Hizayoroi
174/59, Marduk's Shalwar
174/60, Morrigan's Slops
182/72, Askar Dirs
182/3, Denali Kecks
182/73, Goliard Trews
185/86, Shadow Cuishes
185/87, Shadow Trews
28/114, Judge's Cuisses (GM)