47/17, None
47/18, Leather Vest
47/19, Breastplate
47/20, Tunic
47/21, Shinobi Gi
47/22, Chainmail
47/23, Lizard Jerkin
47/24, Raptor Jerkin
47/25, Initial
47/26, Hara-Ate
47/27, Cloak
47/28, Silk Cloak
47/29, Ryl.Sqr. Chainmail
47/30, Ryl.Kgt. Chainmail
47/31, Padded Armor
47/32, Bronze Harness
47/33, Bone Harness
47/34, Kenpogi
47/35, Wool Robe
47/36, Tct.Mgc. Coat
47/37, Robe
47/38, Doublet
47/39, Darksteel Cuirass
47/40, Gambison
47/41, Battle Jupon
47/42, Irn.Msk. Cuirass
47/43, Ctr. Scale Mail
47/44, Gavial Mail
47/45, Scale Mail
47/46, Mtl. Breastplate
47/47, Race Specific
47/48, Adm. Breastplate
47/49, Cardinal Vest
47/50, Scorpion Harness
47/51, Demon's Harness
47/52, Lord's Cuirass
47/53, Jujitsu Gi
47/54, Ryl.Kgt. Aketon
47/55, Aketon
47/56, Haubergeon
47/57, Byrnie
47/58, War Shinobi Gi
47/59, Earth Doublet
47/60, Brigandine
94/19, Justaucorps
94/20, Black Cloak
94/21, Vermillion Cloak
94/22, Blue Cotehardie
94/23, Black Cotehardie
94/24, Fighter's Lorica (WAR AF1)
94/25, Temple Cyclas (MNK AF1)
94/26, Healer's Briault (WHM AF1)
94/27, Wizard's Coat (BLM AF1)
94/28, Warlock's Tabard (RDM AF1)
94/29, Rogue's Vest (THF AF1)
96/64, Gallant Surcoat (PLD AF1)
96/65, Chaos Cuirass (DRK AF1)
96/66, Beast Jackcoat (BST AF1)
96/67, Choral Jstcorps (BRD AF1)
96/68, Hunter's Jerkin (RNG AF1)
99/30, Myochin Domaru (SAM AF1)
99/31, Ninja Chainmail (NIN AF1)
99/32, Drachen Mail (DRG AF1)
99/33, Evoker's Doublet (SMN AF1)
119/26, Tiger Jerkin
119/27, Iron Scale Mail
121/24, Steel Scale Mail
121/25, Coeurl Jerkin
121/26, Adaman Cuirass
121/27, Coral Harness
121/28, Noble's Tunic
121/29, Hauberk
121/30, Arhat's Gi
121/31, Dragon Mail
124/94, Rasetsu Samue
124/95, Crm. Scale Mail
124/96, Adaman Hauberk
124/97, Ogre Jerkin
124/98, Koenig Cuirass
125/57, War Aketon
127/3, Holy Breastplate
127/4, Yasha Samue
127/5, Kirin's Osode
127/6, Hecatomb Harness
127/7, Errant Hpl.
127/8, Fsh. Tunica
127/9, Choc. Jack Coat
127/10, Vgd. Tunica
129/99, Field Tunica
129/100, Shura Togi
129/101, Dalmatica
129/102, Cpc. Breastplate
129/103, Dusk Jerkin
129/104, Dragon Harness
133/116, Warrior's Lorica (WAR AF2)
133/117, Melee Cyclas (MNK AF2)
133/118, Cleric's Briault (WHM AF2)
133/119, Sorcerer's Coat (BLM AF2)
133/120, Duelist's Tabard (RDM AF2)
133/121, Assassin's Vest (THF AF2)
133/122, Valor Surcoat (PLD AF2)
133/123, Abyss Cuirass (DRK AF2)
133/124, Monster Jackcoat (BST AF2)
133/125, Bard's Jstcorps (BRD AF2)
133/126, Scout's Jerkin (RNG AF2)
133/127, Saotome Domaru (SAM AF2)
134/0, Koga Chainmail (NIN AF2)
134/1, Wyrm Mail (DRG AF2)
134/2, Summoner's Dblt. (SMN AF2)
134/3, Scp. Breastplate
134/4, Austere Robe
138/20, Kingdom Aketon
138/21, Federation Aketon
138/22, Republic Aketon
138/23, Carpenter's Apron
138/24, Blacksmith's Apn.
138/25, Weaver's Apron
138/26, Alchemist's Apron
138/27, Boneworker's Apn.
138/28, Fisherman's Apron
138/29, Tanner's Apron
138/30, Culinarian's Apron
138/31, Goldsmith's Apron
144/95, ??? Harness
144/96, Shade Harness
144/97, Garish Tunic
144/98, Seer's Tunic
144/99, Cerise Doublet
144/100, Noct Doublet
146/3, Bison Jacket
146/4, Sha'ir Manteel
146/56, Barone Corazza
146/95, Igqira Weskit
148/29, Eisenbrust
150/67, Hachiman Domaru
150/68, Blessed Briault
151/58, Chasuble
153/29, Unicorn Harness
153/66, Trader's Saio
154/75, Alumine Haubert
155/5, Plastron
157/102, Nashira Manteel
158/43, Homam Corazza
158/102, Trader's Saio (Black)
159/9, Crow Jupon
159/84, Dream Robe
154/3, Hydra Haubert
160/77, Hydra Jupon
143/28, Onoko Yukata
143/29, Omina Yukata
157/31, Tarutaru Maillot
157/32, Tarutaru Top
157/101, Magus Jubbah (BLU AF1)
163/47, Corsair's Frac (COR AF1)
163/48, Pup. Tobe (PUP AF1)
163/49, Sipahi Jawshan
163/50, Jaridah Peti
166/43, Amir Korazin
166/44, Pln. Khazagand
166/45, Yigit Gomlek
170/90, Corselet
170/91, Kyudogi
174/98, Ares's Cuirass
174/99, Skadi's Cuirie
176/4, Usukane Haramaki
176/5, Marduk's Jubbah
176/6, Morrigan's Robe
183/12, Askar Korazin
182/25, Denali Jacket
183/13, Goliard Saio
185/106, Shadow Breastplate
186/14, Shadow Coat
184/75, Valhalla Breastplate
183/4, Chocobo Vest (yellow)
183/5, Chocobo Vest (black)
183/6, Chocobo Vest (purple)
183/7, Chocobo Vest (light blue)
183/8, Chocobo Vest (blue)
183/9, Chocobo Vest (red)
183/10, Chocobo Vest (white)
183/11, Chocobo Vest (green)
134/5, Opaline Dress