47/61, None
47/62, Leather Gloves
47/63, Gauntlets
47/64, Mitts
47/65, Shinobi Tekko
47/66, Chain Mittens
47/67, Lizard Gloves
47/68, Raptor Gloves
47/69, Initial
47/70, Kote
47/71, Linen Mitts
47/72, Black Mitts
47/73, Ryl.Sqr. Mufflers
47/74, Ryl.Kgt. Mufflers
47/75, Iron Mittens
47/76, Bronze Mittens
47/77, Bone Mittens
47/78, Tekko
47/79, Wool Cuffs
47/80, Tct.Mgc. Cuffs
47/81, Cuffs
47/82, Gloves
47/83, Dst. Gauntlets
47/84, Bracers
47/85, Battle Bracers
47/86, Irn.Msk. Gauntlets
47/87, Ctr. F. Gauntlets
47/88, Gavial Fng. Gnt.
47/89, Scale Fng. Gnt.
47/90, Mythril Gauntlets
47/91, Race Specific
94/30, Fighter's Mufflers (WAR AF1)
94/31, Temple Gloves (MNK AF1)
94/32, Healer's Mitts (WHM AF1)
94/33, Wizard's Gloves (BLM AF1)
94/34, Warlock's Gloves (RDM AF1)
94/35, Rogue's Armlets (THF AF1)
96/69, Gallant Gauntlets (PLD AF1)
96/70, Chaos Gauntlets (DRK AF1)
96/71, Beast Gloves (BST AF1)
96/72, Choral Cuffs (BRD AF1)
96/73, Hunter's Bracers (RNG AF1)
99/34, Myochin Kote (SAM AF1)
99/35, Ninja Tekko (NIN AF1)
99/36, Drachen Fng. Gnt. (DRG AF1)
99/37, Evoker's Bracers (SMN AF1)
119/28, Tiger Gloves
119/29, Iron Fng. Gnt.
121/32, Steel Fng. Gnt.
121/33, Coeurl Gloves
121/34, Adaman Gauntlets
121/35, Coral Mittens
121/36, Noble's Mitts
121/37, Thick Mufflers
121/38, Arhat's Tekko
121/39, Dragon Fng. Gnt.
124/99, Rasetsu Tekko
124/100, Crimson Fng. Gnt.
124/101, Adaman Mufflers
124/102, Ogre Gloves
124/103, Kng. Handschuhs
125/58, War Gloves
127/11, Yasha Tekko
127/12, Seiryu's Kote
127/13, Hecatomb Mittens
127/14, Errant Cuffs
127/15, Fsh. Gloves
127/16, Chocobo Gloves
127/17, Vgd. Gloves
129/105, Field Gloves
129/106, Shura Kote
129/107, Zenith Mitts
129/108, Cpc. Gauntlets
129/109, Dusk Gloves
129/110, Dragon Mittens
134/6, Warrior's Mufflers (WAR AF2)
134/7, Melee Gloves (MNK AF2)
134/8, Cleric's Mitts (WHM AF2)
134/9, Sorcerer's Gloves (BLM AF2)
134/10, Duelist's Gloves (RDM AF2)
134/11, Assassin's Armlets (THF AF2)
134/12, Valor Gauntlets (PLD AF2)
134/13, Abyss Gauntlets (DRK AF2)
134/14, Monster Gloves (BST AF2)
134/15, Bard's Cuffs (BRD AF2)
134/16, Scout's Bracers (RNG AF2)
134/17, Saotome Kote (SAM AF2)
134/18, Koga Tekko (NIN AF2)
134/19, Wyrm Fng.Gnt. (DRG AF2)
134/20, Summoner's Brcr. (SMN AF2)
134/21, Scp. Gauntlets
134/22, Austere Cuffs
138/32, Carpenter's / Tanner's Gloves
138/33, Smithy's Mitts 
144/101, ??? Mitts
144/102, Shade Mittens
144/103, Garish Mitts
144/104, Seer's Mitts
144/105, ??? Gloves
144/106, Noct Gloves
146/5, Bison Wristbands
146/6, Sha'ir Gages
146/57, Barone Manopolas
146/96, Igqira Manillas
148/30, Eisenhentzes
149/45, Lord's Gauntlets
150/69, Hachiman Kote
150/70, Blessed Mitts
151/59, Wise Gloves
153/30, Unicorn Mittens
153/67, Trader's Cuffs
154/76, Alumine Moufles
155/6, Black Gadlings
157/104, Nashira Gages
158/44, Homam Manopolas
158/103, Trader's Cuffs (Black)
159/10, Crow Bracers
154/4, Hydra Moufles
160/78, Hydra Bracers
157/103, Magus Bazubands (BLU AF1)
163/51, Corsair's Gants (COR AF1)
163/52, Pup. Dastanas (PUP AF1)
163/53, Sipahi Dastanas
163/54, Jaridah Bazubands
166/46, Amir Kolluks
166/47, Pln. Dastanas
166/48, Yigit Gages
174/100, Ares's Gauntlets
174/101, Skadi's Bazubands
176/7, Usukane Gote
176/8, Marduk's Dastanas
176/9, Morrigan's Cuffs
183/14, Askar Manopolas
182/26, Denali Wristbands
183/15, Goliard Cuffs
185/107, Shadow Gauntlets
186/15, Shadow Cuffs
134/23, (None - use with swimsuit)