47/92, None
47/93, Leather Trousers
47/94, Cuisses
47/95, Slacks
47/96, Shinobi Hakama
47/97, Chain Hose
47/98, Lizard Trousers
47/99, Raptor Trousers
47/100, Initial
47/101, Haidate
47/102, Linen Slacks
47/103, White Slacks
47/104, Ryl.Sqr. Breeches
47/105, Ryl.Kgt. Breeches
47/106, Iron Subligar
47/107, Bronze Subligar
47/108, Bone Subligar
47/109, Sitabaki
47/110, Wool Slops
47/111, Tct.Mgc. Slops
47/112, Slops
47/113, Brais
47/114, Darksteel Cuisses
47/115, Hose
47/116, Battle Hose
47/117, Irn.Msk. Cuisses
47/118, Ctr. Cuisses
47/119, Gavial Cuisses
47/120, Scale Cuisses
47/121, Mythril Cuisses
47/122, Race Specific
94/36, Fighter's Cuisses (WAR AF1)
94/37, Temple Gaiters (MNK AF1)
94/38, Healer's Pantaln. (WHM AF1)
94/39, Wizard's Tonban (BLM AF1)
94/40, Warlock's Tights (RDM AF1)
94/41, Rogue's Culotte (THF AF1)
96/74, Gallant Breeches (PLD AF1)
96/75, Chaos Flanchard (DRK AF1)
96/76, Beast Trousers (BST AF1)
96/77, Choral Cannions (BRD AF1)
96/78, Hunter's Braccae (RNG AF1)
99/38, Myochin Haidate (SAM AF1)
99/39, Ninja Hakama (NIN AF1)
99/40, Drachen Brais (DRG AF1)
99/41, Evoker's Spats (SMN AF1)
119/30, Tiger Trousers
119/31, Iron Cuisses
121/40, Steel Cuisses
121/41, Coeurl Trousers
121/42, Adaman Cuisses
121/43, Coral Subligar
121/44, Noble's Slacks
121/45, Thick Breeches
121/46, Arhat's Hakama
121/47, Dragon Cuisses
124/104, Rst. Hakama
124/105, Crimson Cuisses
124/106, Adaman Breeches
124/107, Ogre Trousers
124/108, Koenig Diechlings
125/59, War Brais
127/18, Yasha Hakama
127/19, Byakko's Haidate
127/20, Hecatomb Subligar
127/21, Errant Slops
127/22, Fisherman's Hose
127/23, Chocobo Hose
127/24, Vagabond's Hose
129/111, Field Hose
129/112, Shura Haidate
129/113, Zenith Slacks
129/114, Dusk Trousers
129/115, Dragon Subligar
134/24, Warrior's Cuisses (WAR AF2)
134/25, Melee Hose (MNK AF2)
134/26, Cleric's Pantaln. (WHM AF2)
134/27, Sorcerer's Tonban (BLM AF2)
134/28, Duelist's Tights (RDM AF2)
134/29, Assassin's Culotte (THF AF2)
134/30, Valor Breeches (PLD AF2)
134/31, Abyss Flanchard (DRK AF2)
134/32, Monster Trousers (BST AF2)
134/33, Bard's Cannions (BRD AF2)
134/34, Scout's Braccae (RNG AF2)
134/35, Saotome Haidate (SAM AF2)
134/36, Koga Hakama (NIN AF2)
134/37, Wyrm Brais (DRG AF2)
134/38, Summoner's Spats (SMN AF2)
134/39, Austere Slops
144/107, ??? Tights
144/108, Shade Tights
144/109, Garish Slacks
144/110, Seer's Slacks
144/111, ??? Brais
144/112, Noct Brais
146/7, Bison Kecks
146/8, Sha'ir Seraweels
146/58, Barone Cosciales
146/97, Igqira Lappa
148/31, Eisendiechlings
149/46, Lord's Cuisses
150/0, Sidereal Subligar
149/121, Vir / Femina Subligar
150/71, Hachiman Hakama
150/72, Blessed Trousers
151/60, Wise Braconi
153/31, Unicorn Subligar
153/68, Trader's Slops
154/77, Alumine Brayettes
155/7, Black Cuisses
157/106, Nashira Seraweels
158/45, Homam Cosciales
158/104, Trader's Slops (Black)
159/11, Crow Hose
154/5, Hydra Brayettes
160/79, Hydra Hose
157/34, Tarutaru Trunks
157/35, Tarutaru Shorts
157/105, Magus Shalwar (BLU AF1)
163/55, Corsair's Culotte (COR AF1)
163/56, Pup. Churidars (PUP AF1)
163/57, Sipahi Zerehs
163/58, Jaridah Salvars
166/49, Amir Dirs
166/50, Pln. Seraweels
166/51, Yigit Seraweels
174/102, Ares's Flanchard
174/103, Skadi's Chausses
176/10, Usukane Hizayoroi
176/11, Marduk's Shalwar
176/12, Morrigan's Slops
183/16, Askar Dirs
182/27, Denali Kecks
183/17, Goliard Trews
185/108, Shadow Cuishes
186/16, Shadow Trews
134/40, Opaline Hose