37/83, None
37/84, Leather Vest
37/85, Breastplate
37/86, Tunic
37/87, Shinobi Gi
37/88, Chainmail
37/89, Lizard Jerkin
37/90, Raptor Jerkin
37/91, Initial
37/92, Hara-Ate
37/93, Cloak
37/94, Silk Cloak
37/95, Ryl.Sqr. Chainmail
37/96, Ryl.Kgt. Chainmail
37/97, Padded Armor
37/98, Bronze Harness
37/99, Bone Harness
37/100, Kenpogi
37/101, Wool Robe
37/102, Tct.Mgc. Coat
37/103, Robe
37/104, Doublet
37/105, Darksteel Cuirass
37/106, Gambison
37/107, Battle Jupon
37/108, Irn.Msk. Cuirass
37/109, Ctr. Scale Mail
37/110, Gavial Mail
37/111, Scale Mail
37/112, Mtl. Breastplate
37/113, Race Specific
37/114, Adm. Breastplate
37/115, Cardinal Vest
37/116, Scorpion Harness
37/117, Demon's Harness
37/118, Lord's Cuirass
37/119, Jujitsu Gi
37/120, Ryl.Kgt. Aketon
37/121, Aketon
37/122, Haubergeon
37/123, Byrnie
37/124, War Shinobi Gi
37/125, Earth Doublet
37/126, Brigandine
93/77, Justaucorps
93/78, Black Cloak
93/79, Vermillion Cloak
93/80, Blue Cotehardie
93/81, Black Cotehardie
93/82, Fighter's Lorica (WAR AF1)
93/83, Temple Cyclas (MNK AF1)
93/84, Healer's Briault (WHM AF1)
93/85, Wizard's Coat (BLM AF1)
93/86, Warlock's Tabard (RDM AF1)
93/87, Rogue's Vest (THF AF1)
96/14, Gallant Surcoat (PLD AF1)
96/15, Chaos Cuirass (DRK AF1)
96/16, Beast Jackcoat (BST AF1)
96/17, Choral Jstcorps (BRD AF1)
96/18, Hunter's Jerkin (RNG AF1)
98/93, Myochin Domaru (SAM AF1)
98/94, Ninja Chainmail (NIN AF1)
98/95, Drachen Mail (DRG AF1)
98/96, Evoker's Doublet (SMN AF1)
119/10, Tiger Jerkin
119/11, Iron Scale Mail
120/62, Steel Scale Mail
120/63, Coeurl Jerkin
120/64, Adaman Cuirass
120/65, Coral Harness
120/66, Noble's Tunic
120/67, Hauberk
120/68, Arhat's Gi
120/69, Dragon Mail
124/44, Rasetsu Samue
124/45, Crm. Scale Mail
124/46, Adaman Hauberk
124/47, Ogre Jerkin
124/48, Koenig Cuirass
125/47, War Aketon
126/42, Holy Breastplate
126/43, Yasha Samue
126/44, Kirin's Osode
126/45, Hecatomb Harness
126/46, Errant Hpl.
126/47, Fsh. Tunica
126/48, Choc. Jack Coat
126/49, Vgd. Tunica
129/39, Field Tunica
129/40, Shura Togi
129/41, Dalmatica
129/42, Cpc. Breastplate
129/43, Dusk Jerkin
129/44, Dragon Harness
132/72, Warrior's Lorica (WAR AF2)
132/73, Melee Cyclas (MNK AF2)
132/74, Cleric's Briault (WHM AF2)
132/75, Sorcerer's Coat (BLM AF2)
132/76, Duelist's Tabard (RDM AF2)
132/77, Assassin's Vest (THF AF2)
132/78, Valor Surcoat (PLD AF2)
132/79, Abyss Cuirass (DRK AF2)
132/80, Monster Jackcoat (BST AF2)
132/81, Bard's Jstcorps (BRD AF2)
132/82, Scout's Jerkin (RNG AF2)
132/83, Saotome Domaru (SAM AF2)
132/84, Koga Chainmail (NIN AF2)
132/85, Wyrm Mail (DRG AF2)
132/86, Summoner's Dblt. (SMN AF2)
132/87, Scp. Breastplate
132/88, Austere Robe
137/54, Kingdom Aketon
137/55, Federation Aketon
137/56, Republic Aketon
137/57, Carpenter's Apron
137/58, Blacksmith's Apn.
137/59, Weaver's Apron
137/60, Alchemist's Apron
137/61, Boneworker's Apn.
137/62, Fisherman's Apron
137/63, Tanner's Apron
137/64, Culinarian's Apron
137/65, Goldsmith's Apron
144/23, ??? Harness
144/24, Shade Harness
144/25, Garish Tunic
144/26, Seer's Tunic
144/27, Cerise Doublet
144/28, Noct Doublet
145/107, Bison Jacket
145/108, Sha'ir Manteel
146/46, Barone Corazza
146/85, Igqira Weskit
148/19, Eisenbrust
150/43, Hachiman Domaru
150/44, Blessed Briault
151/48, Chasuble
153/19, Unicorn Harness
153/56, Trader's Saio
154/62, Alumine Haubert
154/123, Plastron
157/88, Nashira Manteel
158/27, Homam Corazza
158/92, Trader's Saio (Black)
158/127, Crow Jupon
159/87, Dream Robe
153/109, Hydra Haubert
160/67, Hydra Jupon
157/25, Elvaan Gilet
143/18, Onoko Yukata
163/20, Magus Jubbah (BLU AF1)
165/34, Corsair's Frac (COR AF1)
163/21, Pup. Tobe (PUP AF1)
163/22, Sipahi Jawshan
162/57, Jaridah Peti
166/11, Amir Korazin
166/12, Pln. Khazagand
166/13, Yigit Gomlek
165/98, ???
170/86, Corselet
170/87, Kyudogi
174/78, Ares's Cuirass
174/79, Skadi's Cuirie
175/102, Usukane Haramaki
175/103, Marduk's Jubbah
175/104, Morrigan's Robe
182/104, Askar Korazin
182/13, Denali Jacket
182/105, Goliard Saio
185/96, Shadow Breastplate
186/2, Shadow Coat
184/73, Valhalla Breastplate
182/96, Chocobo Vest (yellow)
182/97, Chocobo Vest (black)
182/98, Chocobo Vest (purple)
182/99, Chocobo Vest (light blue)
182/100, Chocobo Vest (blue)
182/101, Chocobo Vest (red)
182/102, Chocobo Vest (white)
182/103, Chocobo Vest (green)