38/61, None
38/62, Leather Highboots
38/63, Plate Leggings
38/64, Solea
38/65, Shinobi Kyahan
38/66, Greaves
38/67, Lizard Ledelsens
38/68, Raptor Ledelsens
38/69, Initial
38/70, Sune-Ate
38/71, Shoes
38/72, Strider Boots
38/73, Ryl.Sqr. Sollerets
38/74, Ryl.Kgt. Sollerets
38/75, Leggings
38/76, Bronze Leggings
38/77, Bone Leggings
38/78, Kyahan
38/79, Chestnut Sabots
38/80, Tct.Mgc. Pigaches
38/81, Ash Clogs
38/82, Gaiters
38/83, Dst. Sabatons
38/84, Socks
38/85, Battle Boots
38/86, Irn.Msk. Sabatons
38/87, Ctr. Greaves
38/88, Gavial Greaves
38/89, Scale Greaves
38/90, Mythril Leggings
38/91, Race Specific
93/100, Fighter's Calligae (WAR AF1)
93/101, Temple Hose (MNK AF1)
93/102, Healer's Duckbills (WHM AF1)
93/103, Wizard's Sabots (BLM AF1)
93/104, Warlock's Boots (RDM AF1)
93/105, Rogue's Poulaines (THF AF1)
96/29, Gallant Leggings (PLD AF1)
96/30, Chaos Sollerets (DRK AF1)
96/31, Beast Gaiters (BST AF1)
96/32, Choral Slippers (BRD AF1)
96/33, Hunter's Socks (RNG AF1)
98/105, Myochin Sune-Ate (SAM AF1)
98/106, Ninja Kyahan (NIN AF1)
98/107, Drachen Greaves (DRG AF1)
98/108, Evoker's Pigaches (SMN AF1)
119/16, Tiger Ledelsens
119/17, Iron Greaves
120/86, Steel Greaves
120/87, Coeurl Ledelsens
120/88, Adaman Sabatons
120/89, Coral Leggings
120/90, Noble's Pumps
120/91, Thick Sollerets
120/92, Arhat's Sune-Ate
120/93, Dragon Greaves
124/59, Rasetsu Sune-Ate
124/60, Crimson Greaves
124/61, Adaman Sollerets
124/62, Ogre Ledelsens
124/63, Koenig Schuhs
125/50, War Boots
126/64, Yasha Sune-Ate
126/65, Suzaku's Sune-Ate
126/66, Hct. Leggings
126/67, Errant Pigaches
126/68, Fisherman's Boots
126/69, Chocobo Boots
126/70, Vagabond's Boots
129/56, Field Boots
129/57, Shura Sune-Ate
129/58, Zenith Pumps
129/59, Dusk Ledelsens
129/60, Dragon Leggings
132/122, Warrior's Calligae (WAR AF2)
132/123, Melee Gaiters (MNK AF2)
132/124, Cleric's Duckbills (WHM AF2)
132/125, Sorcerer's Sabots (BLM AF2)
132/126, Duelist's Boots (RDM AF2)
132/127, Assassin's Pouln. (THF AF2)
133/0, Valor Leggings (PLD AF2)
133/1, Abyss Sollerets (DRK AF2)
133/2, Monster Gaiters (BST AF2)
133/3, Bard's Slippers (BRD AF2)
133/4, Scout's Socks (RNG AF2)
133/5, Saotome Sune-Ate (SAM AF2)
133/6, Koga Kyahan (NIN AF2)
133/7, Wyrm Greaves (DRG AF2)
133/8, Summoner's Pgch. (SMN AF2)
133/9, Austere Sabots
137/68, Waders
144/41, ??? Spats
144/42, Shade Leggings
144/43, Garish Pumps
144/44, Seer's Pumps
144/45, ??? Gaiters
144/46, Noct Gaiters
145/113, Bison Gamashes
145/114, Sha'ir Crackows
146/49, Barone Gambieras
146/88, Igqira Huaraches
148/22, Eisenschuhs
149/23, Lord's Sabatons
150/49, Hmn. Sune-Ate
150/50, Blessed Pumps
151/51, Wise Pigaches
153/22, Unicorn Leggings
153/59, Trader's Pigaches
154/65, Alumine Solerets
154/126, Black Sollerets
157/91, Nashira Crackows
158/30, Homam Gambieras
158/95, Trader's Pigaches (Black)
159/2, Crow Gaiters
153/112, Hydra Sollerets
160/70, Hydra Boots
163/29, Magus Charuqs (BLU AF1)
165/37, Corsair's Bottes (COR AF1)
163/30, Pup. Babouches (PUP AF1)
163/31, Sipahi Boots
162/60, Jaridah Nails
166/20, Amir Boots
166/21, Pln. Crackows
166/22, Yigit Crackows
174/84, Ares's Sollerets
174/85, Skadi's Jambeaux
175/111, Usukane Sune-Ate
175/112, Marduk's Crackows
175/113, Morrigan's Pigaches
182/110, Askar Gambieras
182/16, Denali Gamashes
182/111, Goliard Clogs
185/99, Shadow Sabatons
186/5, Shadow Clogs
157/46, (None - use with swimsuit)