37/127, None
38/0, Leather Gloves
38/1, Gauntlets
38/2, Mitts
38/3, Shinobi Tekko
38/4, Chain Mittens
38/5, Lizard Gloves
38/6, Raptor Gloves
38/7, Initial
38/8, Kote
38/9, Linen Mitts
38/10, Black Mitts
38/11, Ryl.Sqr. Mufflers
38/12, Ryl.Kgt. Mufflers
38/13, Iron Mittens
38/14, Bronze Mittens
38/15, Bone Mittens
38/16, Tekko
38/17, Wool Cuffs
38/18, Tct.Mgc. Cuffs
38/19, Cuffs
38/20, Gloves
38/21, Dst. Gauntlets
38/22, Bracers
38/23, Battle Bracers
38/24, Irn.Msk. Gauntlets
38/25, Ctr. F. Gauntlets
38/26, Gavial Fng. Gnt.
38/27, Scale Fng. Gnt.
38/28, Mythril Gauntlets
38/29, Race Specific
93/88, Fighter's Mufflers (WAR AF1)
93/89, Temple Gloves (MNK AF1)
93/90, Healer's Mitts (WHM AF1)
93/91, Wizard's Gloves (BLM AF1)
93/92, Warlock's Gloves (RDM AF1)
93/93, Rogue's Armlets (THF AF1)
96/19, Gallant Gauntlets (PLD AF1)
96/20, Chaos Gauntlets (DRK AF1)
96/21, Beast Gloves (BST AF1)
96/22, Choral Cuffs (BRD AF1)
96/23, Hunter's Bracers (RNG AF1)
98/97, Myochin Kote (SAM AF1)
98/98, Ninja Tekko (NIN AF1)
98/99, Drachen Fng. Gnt. (DRG AF1)
98/100, Evoker's Bracers (SMN AF1)
119/12, Tiger Gloves
119/13, Iron Fng. Gnt.
120/70, Steel Fng. Gnt.
120/71, Coeurl Gloves
120/72, Adaman Gauntlets
120/73, Coral Mittens
120/74, Noble's Mitts
120/75, Thick Mufflers
120/76, Arhat's Tekko
120/77, Dragon Fng. Gnt.
124/49, Rasetsu Tekko
124/50, Crimson Fng. Gnt.
124/51, Adaman Mufflers
124/52, Ogre Gloves
124/53, Kng. Handschuhs
125/48, War Gloves
126/50, Yasha Tekko
126/51, Seiryu's Kote
126/52, Hecatomb Mittens
126/53, Errant Cuffs
126/54, Fsh. Gloves
126/55, Chocobo Gloves
126/56, Vgd. Gloves
129/45, Field Gloves
129/46, Shura Kote
129/47, Zenith Mitts
129/48, Cpc. Gauntlets
129/49, Dusk Gloves
129/50, Dragon Mittens
132/89, Warrior's Mufflers (WAR AF2)
132/90, Melee Gloves (MNK AF2)
132/91, Cleric's Mitts (WHM AF2)
132/92, Sorcerer's Gloves (BLM AF2)
132/93, Duelist's Gloves (RDM AF2)
132/94, Assassin's Armlets (THF AF2)
132/95, Valor Gauntlets (PLD AF2)
132/96, Abyss Gauntlets (DRK AF2)
132/97, Monster Gloves (BST AF2)
132/98, Bard's Cuffs (BRD AF2)
132/99, Scout's Bracers (RNG AF2)
132/100, Saotome Kote (SAM AF2)
132/101, Koga Tekko (NIN AF2)
132/102, Wyrm Fng.Gnt. (DRG AF2)
132/103, Summoner's Brcr. (SMN AF2)
132/104, Scp. Gauntlets
132/105, Austere Cuffs
137/66, Carpenter's / Tanner's Gloves
137/67, Smithy's Mitts 
144/29, ??? Mitts
144/30, Shade Mittens
144/31, Garish Mitts
144/32, Seer's Mitts
144/33, ??? Gloves
144/34, Noct Gloves
145/109, Bison Wristbands
145/110, Sha'ir Gages
146/47, Barone Manopolas
146/86, Igqira Manillas
148/20, Eisenhentzes
149/21, Lord's Gauntlets
150/45, Hachiman Kote
150/46, Blessed Mitts
151/49, Wise Gloves
153/20, Unicorn Mittens
153/57, Trader's Cuffs
154/63, Alumine Moufles
154/124, Black Gadlings
157/89, Nashira Gages
158/28, Homam Manopolas
158/93, Trader's Cuffs (Black)
159/0, Crow Bracers
153/110, Hydra Moufles
160/68, Hydra Bracers
163/23, Magus Bazubands (BLU AF1)
165/35, Corsair's Gants (COR AF1)
163/24, Pup. Dastanas (PUP AF1)
163/25, Sipahi Dastanas
162/58, Jaridah Bazubands
166/14, Amir Kolluks
166/15, Pln. Dastanas
166/16, Yigit Gages
174/80, Ares's Gauntlets
174/81, Skadi's Bazubands
175/105, Usukane Gote
175/106, Marduk's Dastanas
175/107, Morrigan's Cuffs
182/106, Askar Manopolas
182/14, Denali Wristbands
182/107, Goliard Cuffs
185/97, Shadow Gauntlets
186/3, Shadow Cuffs
157/45, (None)